vehicle_id,title,description,link,image_link,make,model,year,mileage.value,mileage.unit,body_style,exterior_color,state_of_vehicle,price,currency,address,latitude,longitude,offer_type,amount_price,amount_qualifier,fuel_type,transmission,drivetrain
VXEVNFC10TZ024958,Vivaro Zafira Business · od 3237 PLN/mies.,Opel Vivaro Zafira Business · Rata od 3237 PLN netto/mies. · Leasing B2B · Warszawa · Sprawdź ofertę!,https://sklep.opel.pl/produkt/vivaro-zafira/vxevnfc10tz024958/,https://raw.githubusercontent.com/Andy11001/-alfa-inventory/master/data/images/VXEVNFC10TZ024958_clean.jpg,Opel,Vivaro Zafira,2024,0,KM,Van,Ciemnoszary Merkur,New,5058 PLN,PLN,"{""addr1"": ""AL. KRAKOWSKA 206"", ""city"": ""WARSZAWA"", ""region"": ""MAZOWIECKIE"", ""country"": ""PL""}",52.2084,20.9412,LEASE,3237 PLN,per month,Diesel,Automatic,FWD
VXEVNFC14TZ022453,Vivaro Zafira Business · od 3237 PLN/mies.,Opel Vivaro Zafira Business · Rata od 3237 PLN netto/mies. · Leasing B2B · Warszawa · Sprawdź ofertę!,https://sklep.opel.pl/produkt/vivaro-zafira/vxevnfc14tz022453/,https://raw.githubusercontent.com/Andy11001/-alfa-inventory/master/data/images/VXEVNFC14TZ022453_clean.jpg,Opel,Vivaro Zafira,2024,0,KM,Van,Czarny Karbon,New,5058 PLN,PLN,"{""addr1"": ""AL. KRAKOWSKA 206"", ""city"": ""WARSZAWA"", ""region"": ""MAZOWIECKIE"", ""country"": ""PL""}",52.2084,20.9412,LEASE,3237 PLN,per month,Diesel,Automatic,FWD
VXEVNFC12TZ022984,Vivaro Zafira Business Vip · od 3640 PLN/mies.,Opel Vivaro Zafira Business Vip · Rata od 3640 PLN netto/mies. · Leasing B2B · Warszawa · Sprawdź ofertę!,https://sklep.opel.pl/produkt/vivaro-zafira/vxevnfc12tz022984/,https://raw.githubusercontent.com/Andy11001/-alfa-inventory/master/data/images/VXEVNFC12TZ022984_clean.jpg,Opel,Vivaro Zafira,2024,0,KM,Van,Szary Kontrast,New,5698 PLN,PLN,"{""addr1"": ""AL. KRAKOWSKA 206"", ""city"": ""WARSZAWA"", ""region"": ""MAZOWIECKIE"", ""country"": ""PL""}",52.2084,20.9412,LEASE,3640 PLN,per month,Diesel,Automatic,FWD
VXEVNFC13TZ017549,Vivaro Zafira Business · od 3326 PLN/mies.,Opel Vivaro Zafira Business · Rata od 3326 PLN netto/mies. · Leasing B2B · Warszawa · Sprawdź ofertę!,https://sklep.opel.pl/produkt/vivaro-zafira/vxevnfc13tz017549/,https://raw.githubusercontent.com/Andy11001/-alfa-inventory/master/data/images/VXEVNFC13TZ017549_clean.jpg,Opel,Vivaro Zafira,2024,0,KM,Van,Bialy Kaolin White,New,5187 PLN,PLN,"{""addr1"": ""AL. KRAKOWSKA 206"", ""city"": ""WARSZAWA"", ""region"": ""MAZOWIECKIE"", ""country"": ""PL""}",52.2084,20.9412,LEASE,3326 PLN,per month,Diesel,Automatic,FWD
VXEVNFC15TZ023966,Vivaro Zafira Business · od 3205 PLN/mies.,Opel Vivaro Zafira Business · Rata od 3205 PLN netto/mies. · Leasing B2B · Warszawa · Sprawdź ofertę!,https://sklep.opel.pl/produkt/vivaro-zafira/vxevnfc15tz023966/,https://raw.githubusercontent.com/Andy11001/-alfa-inventory/master/data/images/VXEVNFC15TZ023966_clean.jpg,Opel,Vivaro Zafira,2024,0,KM,Van,Ciemnoszary Merkur,New,5012 PLN,PLN,"{""addr1"": ""AL. KRAKOWSKA 206"", ""city"": ""WARSZAWA"", ""region"": ""MAZOWIECKIE"", ""country"": ""PL""}",52.2084,20.9412,LEASE,3205 PLN,per month,Diesel,Automatic,FWD
VXEVNFC14TZ022436,Vivaro Zafira Business · od 3158 PLN/mies.,Opel Vivaro Zafira Business · Rata od 3158 PLN netto/mies. · Leasing B2B · Warszawa · Sprawdź ofertę!,https://sklep.opel.pl/produkt/vivaro-zafira/vxevnfc14tz022436/,https://raw.githubusercontent.com/Andy11001/-alfa-inventory/master/data/images/VXEVNFC14TZ022436_clean.jpg,Opel,Vivaro Zafira,2024,0,KM,Van,Standard,New,4944 PLN,PLN,"{""addr1"": ""AL. KRAKOWSKA 206"", ""city"": ""WARSZAWA"", ""region"": ""MAZOWIECKIE"", ""country"": ""PL""}",52.2084,20.9412,LEASE,3158 PLN,per month,Diesel,Automatic,FWD
VXEVNFC19TZ025185,Vivaro Zafira Business · od 3102 PLN/mies.,Opel Vivaro Zafira Business · Rata od 3102 PLN netto/mies. · Leasing B2B · Warszawa · Sprawdź ofertę!,https://sklep.opel.pl/produkt/vivaro-zafira/vxevnfc19tz025185/,https://raw.githubusercontent.com/Andy11001/-alfa-inventory/master/data/images/VXEVNFC19TZ025185_clean.jpg,Opel,Vivaro Zafira,2024,0,KM,Van,Standard,New,4864 PLN,PLN,"{""addr1"": ""AL. KRAKOWSKA 206"", ""city"": ""WARSZAWA"", ""region"": ""MAZOWIECKIE"", ""country"": ""PL""}",52.2084,20.9412,LEASE,3102 PLN,per month,Diesel,Automatic,FWD
VXEVNFC17TZ025153,Vivaro Zafira Business · od 3102 PLN/mies.,Opel Vivaro Zafira Business · Rata od 3102 PLN netto/mies. · Leasing B2B · Warszawa · Sprawdź ofertę!,https://sklep.opel.pl/produkt/vivaro-zafira/vxevnfc17tz025153/,https://raw.githubusercontent.com/Andy11001/-alfa-inventory/master/data/images/VXEVNFC17TZ025153_clean.jpg,Opel,Vivaro Zafira,2024,0,KM,Van,Ciemnoszary Merkur,New,4864 PLN,PLN,"{""addr1"": ""AL. KRAKOWSKA 206"", ""city"": ""WARSZAWA"", ""region"": ""MAZOWIECKIE"", ""country"": ""PL""}",52.2084,20.9412,LEASE,3102 PLN,per month,Diesel,Automatic,FWD
VXEYDG6F0TG020255,Movano Base · od 1903 PLN/mies.,Opel Movano Base · Rata od 1903 PLN netto/mies. · Leasing B2B · Warszawa · Sprawdź ofertę!,https://sklep.opel.pl/produkt/movano/vxeydg6f0tg020255/,https://raw.githubusercontent.com/Andy11001/-alfa-inventory/master/data/images/VXEYDG6F0TG020255_clean.jpg,Opel,Movano,2024,0,KM,Van,Bialy Kaolin White,New, PLN,PLN,"{""addr1"": ""AL. KRAKOWSKA 206"", ""city"": ""WARSZAWA"", ""region"": ""MAZOWIECKIE"", ""country"": ""PL""}",52.2084,20.9412,LEASE,1903 PLN,per month,Diesel,Manual,FWD
VXEVNFC11TZ024936,Vivaro Zafira Business · od 3064 PLN/mies.,Opel Vivaro Zafira Business · Rata od 3064 PLN netto/mies. · Leasing B2B · Warszawa · Sprawdź ofertę!,https://sklep.opel.pl/produkt/vivaro-zafira/vxevnfc11tz024936/,https://raw.githubusercontent.com/Andy11001/-alfa-inventory/master/data/images/VXEVNFC11TZ024936_clean.jpg,Opel,Vivaro Zafira,2024,0,KM,Van,Szary Kontrast,New,4808 PLN,PLN,"{""addr1"": ""AL. KRAKOWSKA 206"", ""city"": ""WARSZAWA"", ""region"": ""MAZOWIECKIE"", ""country"": ""PL""}",52.2084,20.9412,LEASE,3064 PLN,per month,Diesel,Automatic,FWD
VXEVNFC19TZ025154,Vivaro Zafira Business · od 3102 PLN/mies.,Opel Vivaro Zafira Business · Rata od 3102 PLN netto/mies. · Leasing B2B · Warszawa · Sprawdź ofertę!,https://sklep.opel.pl/produkt/vivaro-zafira/vxevnfc19tz025154/,https://raw.githubusercontent.com/Andy11001/-alfa-inventory/master/data/images/VXEVNFC19TZ025154_clean.jpg,Opel,Vivaro Zafira,2024,0,KM,Van,Ciemnoszary Merkur,New,4864 PLN,PLN,"{""addr1"": ""AL. KRAKOWSKA 206"", ""city"": ""WARSZAWA"", ""region"": ""MAZOWIECKIE"", ""country"": ""PL""}",52.2084,20.9412,LEASE,3102 PLN,per month,Diesel,Automatic,FWD
VXEVNFC17TZ025184,Vivaro Zafira Business · od 3102 PLN/mies.,Opel Vivaro Zafira Business · Rata od 3102 PLN netto/mies. · Leasing B2B · Warszawa · Sprawdź ofertę!,https://sklep.opel.pl/produkt/vivaro-zafira/vxevnfc17tz025184/,https://raw.githubusercontent.com/Andy11001/-alfa-inventory/master/data/images/VXEVNFC17TZ025184_clean.jpg,Opel,Vivaro Zafira,2024,0,KM,Van,Standard,New,4864 PLN,PLN,"{""addr1"": ""AL. KRAKOWSKA 206"", ""city"": ""WARSZAWA"", ""region"": ""MAZOWIECKIE"", ""country"": ""PL""}",52.2084,20.9412,LEASE,3102 PLN,per month,Diesel,Automatic,FWD
VXEVNFC12TZ024959,Vivaro Zafira Business · od 3064 PLN/mies.,Opel Vivaro Zafira Business · Rata od 3064 PLN netto/mies. · Leasing B2B · Warszawa · Sprawdź ofertę!,https://sklep.opel.pl/produkt/vivaro-zafira/vxevnfc12tz024959/,https://raw.githubusercontent.com/Andy11001/-alfa-inventory/master/data/images/VXEVNFC12TZ024959_clean.jpg,Opel,Vivaro Zafira,2024,0,KM,Van,Standard,New,4808 PLN,PLN,"{""addr1"": ""AL. KRAKOWSKA 206"", ""city"": ""WARSZAWA"", ""region"": ""MAZOWIECKIE"", ""country"": ""PL""}",52.2084,20.9412,LEASE,3064 PLN,per month,Diesel,Automatic,FWD
VXEVNFC16TZ025144,Vivaro Zafira Business · od 3064 PLN/mies.,Opel Vivaro Zafira Business · Rata od 3064 PLN netto/mies. · Leasing B2B · Warszawa · Sprawdź ofertę!,https://sklep.opel.pl/produkt/vivaro-zafira/vxevnfc16tz025144/,https://raw.githubusercontent.com/Andy11001/-alfa-inventory/master/data/images/VXEVNFC16TZ025144_clean.jpg,Opel,Vivaro Zafira,2024,0,KM,Van,Czarny Karbon,New,4808 PLN,PLN,"{""addr1"": ""AL. KRAKOWSKA 206"", ""city"": ""WARSZAWA"", ""region"": ""MAZOWIECKIE"", ""country"": ""PL""}",52.2084,20.9412,LEASE,3064 PLN,per month,Diesel,Automatic,FWD
VXEYDG6F1TG020295,Movano Base · od 1874 PLN/mies.,Opel Movano Base · Rata od 1874 PLN netto/mies. · Leasing B2B · Warszawa · Sprawdź ofertę!,https://sklep.opel.pl/produkt/movano/vxeydg6f1tg020295/,https://raw.githubusercontent.com/Andy11001/-alfa-inventory/master/data/images/VXEYDG6F1TG020295_clean.jpg,Opel,Movano,2024,0,KM,Van,Bialy Kaolin White,New, PLN,PLN,"{""addr1"": ""AL. KRAKOWSKA 206"", ""city"": ""WARSZAWA"", ""region"": ""MAZOWIECKIE"", ""country"": ""PL""}",52.2084,20.9412,LEASE,1874 PLN,per month,Diesel,Manual,FWD
VXEYDG6F8TG020293,Movano Base · od 1845 PLN/mies.,Opel Movano Base · Rata od 1845 PLN netto/mies. · Leasing B2B · Warszawa · Sprawdź ofertę!,https://sklep.opel.pl/produkt/movano/vxeydg6f8tg020293/,https://raw.githubusercontent.com/Andy11001/-alfa-inventory/master/data/images/VXEYDG6F8TG020293_clean.jpg,Opel,Movano,2024,0,KM,Van,Bialy Kaolin White,New, PLN,PLN,"{""addr1"": ""AL. KRAKOWSKA 206"", ""city"": ""WARSZAWA"", ""region"": ""MAZOWIECKIE"", ""country"": ""PL""}",52.2084,20.9412,LEASE,1845 PLN,per month,Diesel,Manual,FWD
VXEVNFC14TZ024963,Vivaro Zafira Business · od 3016 PLN/mies.,Opel Vivaro Zafira Business · Rata od 3016 PLN netto/mies. · Leasing B2B · Warszawa · Sprawdź ofertę!,https://sklep.opel.pl/produkt/vivaro-zafira/vxevnfc14tz024963/,https://raw.githubusercontent.com/Andy11001/-alfa-inventory/master/data/images/VXEVNFC14TZ024963_clean.jpg,Opel,Vivaro Zafira,2024,0,KM,Van,Ciemnoszary Merkur,New,4740 PLN,PLN,"{""addr1"": ""AL. KRAKOWSKA 206"", ""city"": ""WARSZAWA"", ""region"": ""MAZOWIECKIE"", ""country"": ""PL""}",52.2084,20.9412,LEASE,3016 PLN,per month,Diesel,Automatic,FWD
VXEVPFC14TU405560,Vivaro Furgon Brygadowy Xl · od 1740 PLN/mies.,Opel Vivaro Furgon Brygadowy Xl · Rata od 1740 PLN netto/mies. · Leasing B2B · Warszawa · Sprawdź ofertę!,https://sklep.opel.pl/produkt/vivaro/vxevpfc14tu405560/,https://raw.githubusercontent.com/Andy11001/-alfa-inventory/master/data/images/VXEVPFC14TU405560_clean.jpg,Opel,Vivaro,2024,0,KM,Van,Ciemnoszary Merkur,New, PLN,PLN,"{""addr1"": ""AL. KRAKOWSKA 206"", ""city"": ""WARSZAWA"", ""region"": ""MAZOWIECKIE"", ""country"": ""PL""}",52.2084,20.9412,LEASE,1740 PLN,per month,Diesel,Automatic,FWD
VXEYDG6F0TG018408,Movano Base · od 1811 PLN/mies.,Opel Movano Base · Rata od 1811 PLN netto/mies. · Leasing B2B · Warszawa · Sprawdź ofertę!,https://sklep.opel.pl/produkt/movano/vxeydg6f0tg018408/,https://raw.githubusercontent.com/Andy11001/-alfa-inventory/master/data/images/VXEYDG6F0TG018408_clean.jpg,Opel,Movano,2024,0,KM,Van,Bialy Kaolin White,New, PLN,PLN,"{""addr1"": ""AL. KRAKOWSKA 206"", ""city"": ""WARSZAWA"", ""region"": ""MAZOWIECKIE"", ""country"": ""PL""}",52.2084,20.9412,LEASE,1811 PLN,per month,Diesel,Manual,FWD
VXEVNFC18TZ025193,Vivaro Zafira Business · od 2936 PLN/mies.,Opel Vivaro Zafira Business · Rata od 2936 PLN netto/mies. · Leasing B2B · Warszawa · Sprawdź ofertę!,https://sklep.opel.pl/produkt/vivaro-zafira/vxevnfc18tz025193/,https://raw.githubusercontent.com/Andy11001/-alfa-inventory/master/data/images/VXEVNFC18TZ025193_clean.jpg,Opel,Vivaro Zafira,2024,0,KM,Van,Bialy Kaolin White,New,4625 PLN,PLN,"{""addr1"": ""AL. KRAKOWSKA 206"", ""city"": ""WARSZAWA"", ""region"": ""MAZOWIECKIE"", ""country"": ""PL""}",52.2084,20.9412,LEASE,2936 PLN,per month,Diesel,Automatic,FWD
VXEVNFC1XTZ024935,Vivaro Zafira Business · od 3064 PLN/mies.,Opel Vivaro Zafira Business · Rata od 3064 PLN netto/mies. · Leasing B2B · Warszawa · Sprawdź ofertę!,https://sklep.opel.pl/produkt/vivaro-zafira/vxevnfc1xtz024935/,https://raw.githubusercontent.com/Andy11001/-alfa-inventory/master/data/images/VXEVNFC1XTZ024935_clean.jpg,Opel,Vivaro Zafira,2024,0,KM,Van,Szary Kontrast,New,4808 PLN,PLN,"{""addr1"": ""AL. KRAKOWSKA 206"", ""city"": ""WARSZAWA"", ""region"": ""MAZOWIECKIE"", ""country"": ""PL""}",52.2084,20.9412,LEASE,3064 PLN,per month,Diesel,Automatic,FWD
VXEYDG6FXTG020294,Movano Base · od 1840 PLN/mies.,Opel Movano Base · Rata od 1840 PLN netto/mies. · Leasing B2B · Warszawa · Sprawdź ofertę!,https://sklep.opel.pl/produkt/movano/vxeydg6fxtg020294/,https://raw.githubusercontent.com/Andy11001/-alfa-inventory/master/data/images/VXEYDG6FXTG020294_clean.jpg,Opel,Movano,2024,0,KM,Van,Bialy Kaolin White,New, PLN,PLN,"{""addr1"": ""AL. KRAKOWSKA 206"", ""city"": ""WARSZAWA"", ""region"": ""MAZOWIECKIE"", ""country"": ""PL""}",52.2084,20.9412,LEASE,1840 PLN,per month,Diesel,Manual,FWD
VXEYDG6F7TG015005,Movano Base · od 1771 PLN/mies.,Opel Movano Base · Rata od 1771 PLN netto/mies. · Leasing B2B · Warszawa · Sprawdź ofertę!,https://sklep.opel.pl/produkt/movano/vxeydg6f7tg015005/,https://raw.githubusercontent.com/Andy11001/-alfa-inventory/master/data/images/VXEYDG6F7TG015005_clean.jpg,Opel,Movano,2024,0,KM,Van,Szary Thunder Grey,New, PLN,PLN,"{""addr1"": ""AL. KRAKOWSKA 206"", ""city"": ""WARSZAWA"", ""region"": ""MAZOWIECKIE"", ""country"": ""PL""}",52.2084,20.9412,LEASE,1771 PLN,per month,Diesel,Manual,FWD
VXEYDG6F7TG015523,Movano Base · od 1755 PLN/mies.,Opel Movano Base · Rata od 1755 PLN netto/mies. · Leasing B2B · Warszawa · Sprawdź ofertę!,https://sklep.opel.pl/produkt/movano/vxeydg6f7tg015523/,https://raw.githubusercontent.com/Andy11001/-alfa-inventory/master/data/images/VXEYDG6F7TG015523_clean.jpg,Opel,Movano,2024,0,KM,Van,Bialy Kaolin White,New, PLN,PLN,"{""addr1"": ""AL. KRAKOWSKA 206"", ""city"": ""WARSZAWA"", ""region"": ""MAZOWIECKIE"", ""country"": ""PL""}",52.2084,20.9412,LEASE,1755 PLN,per month,Diesel,Manual,FWD
VXEYDG8FXTG017702,Movano Base · od 1753 PLN/mies.,Opel Movano Base · Rata od 1753 PLN netto/mies. · Leasing B2B · Warszawa · Sprawdź ofertę!,https://sklep.opel.pl/produkt/movano/vxeydg8fxtg017702/,https://raw.githubusercontent.com/Andy11001/-alfa-inventory/master/data/images/VXEYDG8FXTG017702_clean.jpg,Opel,Movano,2024,0,KM,Van,Bialy Kaolin White,New, PLN,PLN,"{""addr1"": ""AL. KRAKOWSKA 206"", ""city"": ""WARSZAWA"", ""region"": ""MAZOWIECKIE"", ""country"": ""PL""}",52.2084,20.9412,LEASE,1753 PLN,per month,Diesel,Automatic,FWD
VXEYDG8F8TG017701,Movano Base · od 1753 PLN/mies.,Opel Movano Base · Rata od 1753 PLN netto/mies. · Leasing B2B · Warszawa · Sprawdź ofertę!,https://sklep.opel.pl/produkt/movano/vxeydg8f8tg017701/,https://raw.githubusercontent.com/Andy11001/-alfa-inventory/master/data/images/VXEYDG8F8TG017701_clean.jpg,Opel,Movano,2024,0,KM,Van,Bialy Kaolin White,New, PLN,PLN,"{""addr1"": ""AL. KRAKOWSKA 206"", ""city"": ""WARSZAWA"", ""region"": ""MAZOWIECKIE"", ""country"": ""PL""}",52.2084,20.9412,LEASE,1753 PLN,per month,Diesel,Automatic,FWD
VXEVPFC35TZ018892,Vivaro Furgon Brygadowy Xl · od 1693 PLN/mies.,Opel Vivaro Furgon Brygadowy Xl · Rata od 1693 PLN netto/mies. · Leasing B2B · Warszawa · Sprawdź ofertę!,https://sklep.opel.pl/produkt/vivaro/vxevpfc35tz018892/,https://raw.githubusercontent.com/Andy11001/-alfa-inventory/master/data/images/VXEVPFC35TZ018892_clean.jpg,Opel,Vivaro,2024,0,KM,Van,Bialy Kaolin White,New, PLN,PLN,"{""addr1"": ""AL. KRAKOWSKA 206"", ""city"": ""WARSZAWA"", ""region"": ""MAZOWIECKIE"", ""country"": ""PL""}",52.2084,20.9412,LEASE,1693 PLN,per month,Diesel,Automatic,FWD
VXEYDG6F3TG015535,Movano Base · od 1745 PLN/mies.,Opel Movano Base · Rata od 1745 PLN netto/mies. · Leasing B2B · Warszawa · Sprawdź ofertę!,https://sklep.opel.pl/produkt/movano/vxeydg6f3tg015535/,https://raw.githubusercontent.com/Andy11001/-alfa-inventory/master/data/images/VXEYDG6F3TG015535_clean.jpg,Opel,Movano,2024,0,KM,Van,Szary Thunder Grey,New, PLN,PLN,"{""addr1"": ""AL. KRAKOWSKA 206"", ""city"": ""WARSZAWA"", ""region"": ""MAZOWIECKIE"", ""country"": ""PL""}",52.2084,20.9412,LEASE,1745 PLN,per month,Diesel,Manual,FWD
VXEYDG6F7TG014940,Movano Base · od 1742 PLN/mies.,Opel Movano Base · Rata od 1742 PLN netto/mies. · Leasing B2B · Warszawa · Sprawdź ofertę!,https://sklep.opel.pl/produkt/movano/vxeydg6f7tg014940/,https://raw.githubusercontent.com/Andy11001/-alfa-inventory/master/data/images/VXEYDG6F7TG014940_clean.jpg,Opel,Movano,2024,0,KM,Van,Szary Thunder Grey,New, PLN,PLN,"{""addr1"": ""AL. KRAKOWSKA 206"", ""city"": ""WARSZAWA"", ""region"": ""MAZOWIECKIE"", ""country"": ""PL""}",52.2084,20.9412,LEASE,1742 PLN,per month,Diesel,Manual,FWD
VXEVPFC32TZ019093,Vivaro Furgon Brygadowy Xl · od 1672 PLN/mies.,Opel Vivaro Furgon Brygadowy Xl · Rata od 1672 PLN netto/mies. · Leasing B2B · Warszawa · Sprawdź ofertę!,https://sklep.opel.pl/produkt/vivaro/vxevpfc32tz019093/,https://raw.githubusercontent.com/Andy11001/-alfa-inventory/master/data/images/VXEVPFC32TZ019093_clean.jpg,Opel,Vivaro,2024,0,KM,Van,Szary Kontrast,New, PLN,PLN,"{""addr1"": ""AL. KRAKOWSKA 206"", ""city"": ""WARSZAWA"", ""region"": ""MAZOWIECKIE"", ""country"": ""PL""}",52.2084,20.9412,LEASE,1672 PLN,per month,Diesel,Manual,FWD
VXEYDG6F7TG014954,Movano Base · od 1713 PLN/mies.,Opel Movano Base · Rata od 1713 PLN netto/mies. · Leasing B2B · Warszawa · Sprawdź ofertę!,https://sklep.opel.pl/produkt/movano/vxeydg6f7tg014954/,https://raw.githubusercontent.com/Andy11001/-alfa-inventory/master/data/images/VXEYDG6F7TG014954_clean.jpg,Opel,Movano,2024,0,KM,Van,Szary Thunder Grey,New, PLN,PLN,"{""addr1"": ""AL. KRAKOWSKA 206"", ""city"": ""WARSZAWA"", ""region"": ""MAZOWIECKIE"", ""country"": ""PL""}",52.2084,20.9412,LEASE,1713 PLN,per month,Diesel,Manual,FWD
VXEVPFC33TU405485,Vivaro Furgon Brygadowy Xl · od 1657 PLN/mies.,Opel Vivaro Furgon Brygadowy Xl · Rata od 1657 PLN netto/mies. · Leasing B2B · Warszawa · Sprawdź ofertę!,https://sklep.opel.pl/produkt/vivaro/vxevpfc33tu405485/,https://raw.githubusercontent.com/Andy11001/-alfa-inventory/master/data/images/VXEVPFC33TU405485_clean.jpg,Opel,Vivaro,2024,0,KM,Van,Ciemnoszary Merkur,New, PLN,PLN,"{""addr1"": ""AL. KRAKOWSKA 206"", ""city"": ""WARSZAWA"", ""region"": ""MAZOWIECKIE"", ""country"": ""PL""}",52.2084,20.9412,LEASE,1657 PLN,per month,Diesel,Manual,FWD
VXEYDF6F0TG020296,Movano Base · od 1689 PLN/mies.,Opel Movano Base · Rata od 1689 PLN netto/mies. · Leasing B2B · Warszawa · Sprawdź ofertę!,https://sklep.opel.pl/produkt/movano/vxeydf6f0tg020296/,https://raw.githubusercontent.com/Andy11001/-alfa-inventory/master/data/images/VXEYDF6F0TG020296_clean.jpg,Opel,Movano,2024,0,KM,Van,Szary Thunder Grey,New, PLN,PLN,"{""addr1"": ""AL. KRAKOWSKA 206"", ""city"": ""WARSZAWA"", ""region"": ""MAZOWIECKIE"", ""country"": ""PL""}",52.2084,20.9412,LEASE,1689 PLN,per month,Diesel,Manual,FWD
VXEVPFC35TZ024370,Vivaro Furgon Brygadowy Xl · od 1655 PLN/mies.,Opel Vivaro Furgon Brygadowy Xl · Rata od 1655 PLN netto/mies. · Leasing B2B · Warszawa · Sprawdź ofertę!,https://sklep.opel.pl/produkt/vivaro/vxevpfc35tz024370/,https://raw.githubusercontent.com/Andy11001/-alfa-inventory/master/data/images/VXEVPFC35TZ024370_clean.jpg,Opel,Vivaro,2024,0,KM,Van,Szary Kontrast,New, PLN,PLN,"{""addr1"": ""AL. KRAKOWSKA 206"", ""city"": ""WARSZAWA"", ""region"": ""MAZOWIECKIE"", ""country"": ""PL""}",52.2084,20.9412,LEASE,1655 PLN,per month,Diesel,Automatic,FWD
VXEVPFC31TU405548,Vivaro Furgon Brygadowy Xl · od 1628 PLN/mies.,Opel Vivaro Furgon Brygadowy Xl · Rata od 1628 PLN netto/mies. · Leasing B2B · Warszawa · Sprawdź ofertę!,https://sklep.opel.pl/produkt/vivaro/vxevpfc31tu405548/,https://raw.githubusercontent.com/Andy11001/-alfa-inventory/master/data/images/VXEVPFC31TU405548_clean.jpg,Opel,Vivaro,2024,0,KM,Van,Ciemnoszary Merkur,New, PLN,PLN,"{""addr1"": ""AL. KRAKOWSKA 206"", ""city"": ""WARSZAWA"", ""region"": ""MAZOWIECKIE"", ""country"": ""PL""}",52.2084,20.9412,LEASE,1628 PLN,per month,Diesel,Manual,FWD
VXEYDF6F8TG015010,Movano Base · od 1672 PLN/mies.,Opel Movano Base · Rata od 1672 PLN netto/mies. · Leasing B2B · Warszawa · Sprawdź ofertę!,https://sklep.opel.pl/produkt/movano/vxeydf6f8tg015010/,https://raw.githubusercontent.com/Andy11001/-alfa-inventory/master/data/images/VXEYDF6F8TG015010_clean.jpg,Opel,Movano,2024,0,KM,Van,Szary Thunder Grey,New, PLN,PLN,"{""addr1"": ""AL. KRAKOWSKA 206"", ""city"": ""WARSZAWA"", ""region"": ""MAZOWIECKIE"", ""country"": ""PL""}",52.2084,20.9412,LEASE,1672 PLN,per month,Diesel,Manual,FWD
VXEYCG6F8TG015520,Movano Base · od 1670 PLN/mies.,Opel Movano Base · Rata od 1670 PLN netto/mies. · Leasing B2B · Warszawa · Sprawdź ofertę!,https://sklep.opel.pl/produkt/movano/vxeycg6f8tg015520/,https://raw.githubusercontent.com/Andy11001/-alfa-inventory/master/data/images/VXEYCG6F8TG015520_clean.jpg,Opel,Movano,2024,0,KM,Van,Bialy Kaolin White,New, PLN,PLN,"{""addr1"": ""AL. KRAKOWSKA 206"", ""city"": ""WARSZAWA"", ""region"": ""MAZOWIECKIE"", ""country"": ""PL""}",52.2084,20.9412,LEASE,1670 PLN,per month,Diesel,Manual,FWD
VXEYDG6F0TG014956,Movano Base · od 1664 PLN/mies.,Opel Movano Base · Rata od 1664 PLN netto/mies. · Leasing B2B · Warszawa · Sprawdź ofertę!,https://sklep.opel.pl/produkt/movano/vxeydg6f0tg014956/,https://raw.githubusercontent.com/Andy11001/-alfa-inventory/master/data/images/VXEYDG6F0TG014956_clean.jpg,Opel,Movano,2024,0,KM,Van,Bialy Kaolin White,New, PLN,PLN,"{""addr1"": ""AL. KRAKOWSKA 206"", ""city"": ""WARSZAWA"", ""region"": ""MAZOWIECKIE"", ""country"": ""PL""}",52.2084,20.9412,LEASE,1664 PLN,per month,Diesel,Manual,FWD
VXEVPFC32TU394334,Vivaro Furgon Brygadowy Xl · od 1612 PLN/mies.,Opel Vivaro Furgon Brygadowy Xl · Rata od 1612 PLN netto/mies. · Leasing B2B · Warszawa · Sprawdź ofertę!,https://sklep.opel.pl/produkt/vivaro/vxevpfc32tu394334/,https://raw.githubusercontent.com/Andy11001/-alfa-inventory/master/data/images/VXEVPFC32TU394334_clean.jpg,Opel,Vivaro,2024,0,KM,Van,Bialy Kaolin White,New, PLN,PLN,"{""addr1"": ""AL. KRAKOWSKA 206"", ""city"": ""WARSZAWA"", ""region"": ""MAZOWIECKIE"", ""country"": ""PL""}",52.2084,20.9412,LEASE,1612 PLN,per month,Diesel,Manual,FWD
VXEVPFC17TU393694,Vivaro Furgon Xl · od 1607 PLN/mies.,Opel Vivaro Furgon Xl · Rata od 1607 PLN netto/mies. · Leasing B2B · Warszawa · Sprawdź ofertę!,https://sklep.opel.pl/produkt/vivaro/vxevpfc17tu393694/,https://raw.githubusercontent.com/Andy11001/-alfa-inventory/master/data/images/VXEVPFC17TU393694_clean.jpg,Opel,Vivaro,2024,0,KM,Van,Szary Kontrast,New, PLN,PLN,"{""addr1"": ""AL. KRAKOWSKA 206"", ""city"": ""WARSZAWA"", ""region"": ""MAZOWIECKIE"", ""country"": ""PL""}",52.2084,20.9412,LEASE,1607 PLN,per month,Diesel,Automatic,FWD
VXEVPFC19TU392305,Vivaro Furgon Xl · od 1600 PLN/mies.,Opel Vivaro Furgon Xl · Rata od 1600 PLN netto/mies. · Leasing B2B · Warszawa · Sprawdź ofertę!,https://sklep.opel.pl/produkt/vivaro/vxevpfc19tu392305/,https://raw.githubusercontent.com/Andy11001/-alfa-inventory/master/data/images/VXEVPFC19TU392305_clean.jpg,Opel,Vivaro,2024,0,KM,Van,Bialy Kaolin White,New, PLN,PLN,"{""addr1"": ""AL. KRAKOWSKA 206"", ""city"": ""WARSZAWA"", ""region"": ""MAZOWIECKIE"", ""country"": ""PL""}",52.2084,20.9412,LEASE,1600 PLN,per month,Diesel,Automatic,FWD
VXEVPFC39TZ024873,Vivaro Furgon Brygadowy Xl · od 1594 PLN/mies.,Opel Vivaro Furgon Brygadowy Xl · Rata od 1594 PLN netto/mies. · Leasing B2B · Warszawa · Sprawdź ofertę!,https://sklep.opel.pl/produkt/vivaro/vxevpfc39tz024873/,https://raw.githubusercontent.com/Andy11001/-alfa-inventory/master/data/images/VXEVPFC39TZ024873_clean.jpg,Opel,Vivaro,2024,0,KM,Van,Bialy Kaolin White,New, PLN,PLN,"{""addr1"": ""AL. KRAKOWSKA 206"", ""city"": ""WARSZAWA"", ""region"": ""MAZOWIECKIE"", ""country"": ""PL""}",52.2084,20.9412,LEASE,1594 PLN,per month,Diesel,Manual,FWD
VXEVPFC35TU401020,Vivaro Furgon Brygadowy Skladany Xl · od 1590 PLN/mies.,Opel Vivaro Furgon Brygadowy Skladany Xl · Rata od 1590 PLN netto/mies. · Leasing B2B · Warszawa · Sprawdź ofertę!,https://sklep.opel.pl/produkt/vivaro/vxevpfc35tu401020/,https://raw.githubusercontent.com/Andy11001/-alfa-inventory/master/data/images/VXEVPFC35TU401020_clean.jpg,Opel,Vivaro,2024,0,KM,Van,Bialy Kaolin White,New, PLN,PLN,"{""addr1"": ""AL. KRAKOWSKA 206"", ""city"": ""WARSZAWA"", ""region"": ""MAZOWIECKIE"", ""country"": ""PL""}",52.2084,20.9412,LEASE,1590 PLN,per month,Diesel,Manual,FWD
VXEYDF6F7TG019064,Movano Base · od 1639 PLN/mies.,Opel Movano Base · Rata od 1639 PLN netto/mies. · Leasing B2B · Warszawa · Sprawdź ofertę!,https://sklep.opel.pl/produkt/movano/vxeydf6f7tg019064/,https://raw.githubusercontent.com/Andy11001/-alfa-inventory/master/data/images/VXEYDF6F7TG019064_clean.jpg,Opel,Movano,2024,0,KM,Van,Bialy Kaolin White,New, PLN,PLN,"{""addr1"": ""AL. KRAKOWSKA 206"", ""city"": ""WARSZAWA"", ""region"": ""MAZOWIECKIE"", ""country"": ""PL""}",52.2084,20.9412,LEASE,1639 PLN,per month,Diesel,Manual,FWD
VXEYDG6F7TG018406,Movano Base · od 1638 PLN/mies.,Opel Movano Base · Rata od 1638 PLN netto/mies. · Leasing B2B · Warszawa · Sprawdź ofertę!,https://sklep.opel.pl/produkt/movano/vxeydg6f7tg018406/,https://raw.githubusercontent.com/Andy11001/-alfa-inventory/master/data/images/VXEYDG6F7TG018406_clean.jpg,Opel,Movano,2024,0,KM,Van,Bialy Kaolin White,New, PLN,PLN,"{""addr1"": ""AL. KRAKOWSKA 206"", ""city"": ""WARSZAWA"", ""region"": ""MAZOWIECKIE"", ""country"": ""PL""}",52.2084,20.9412,LEASE,1638 PLN,per month,Diesel,Manual,FWD
VXEYDF6F2TG015018,Movano Base · od 1643 PLN/mies.,Opel Movano Base · Rata od 1643 PLN netto/mies. · Leasing B2B · Warszawa · Sprawdź ofertę!,https://sklep.opel.pl/produkt/movano/vxeydf6f2tg015018/,https://raw.githubusercontent.com/Andy11001/-alfa-inventory/master/data/images/VXEYDF6F2TG015018_clean.jpg,Opel,Movano,2024,0,KM,Van,Szary Thunder Grey,New, PLN,PLN,"{""addr1"": ""AL. KRAKOWSKA 206"", ""city"": ""WARSZAWA"", ""region"": ""MAZOWIECKIE"", ""country"": ""PL""}",52.2084,20.9412,LEASE,1643 PLN,per month,Diesel,Manual,FWD
VXEYDG6F4TG014958,Movano Base · od 1635 PLN/mies.,Opel Movano Base · Rata od 1635 PLN netto/mies. · Leasing B2B · Warszawa · Sprawdź ofertę!,https://sklep.opel.pl/produkt/movano/vxeydg6f4tg014958/,https://raw.githubusercontent.com/Andy11001/-alfa-inventory/master/data/images/VXEYDG6F4TG014958_clean.jpg,Opel,Movano,2024,0,KM,Van,Bialy Kaolin White,New, PLN,PLN,"{""addr1"": ""AL. KRAKOWSKA 206"", ""city"": ""WARSZAWA"", ""region"": ""MAZOWIECKIE"", ""country"": ""PL""}",52.2084,20.9412,LEASE,1635 PLN,per month,Diesel,Manual,FWD
VXEYDF6F6TG019024,Movano Base · od 1616 PLN/mies.,Opel Movano Base · Rata od 1616 PLN netto/mies. · Leasing B2B · Warszawa · Sprawdź ofertę!,https://sklep.opel.pl/produkt/movano/vxeydf6f6tg019024/,https://raw.githubusercontent.com/Andy11001/-alfa-inventory/master/data/images/VXEYDF6F6TG019024_clean.jpg,Opel,Movano,2024,0,KM,Van,Szary Thunder Grey,New, PLN,PLN,"{""addr1"": ""AL. KRAKOWSKA 206"", ""city"": ""WARSZAWA"", ""region"": ""MAZOWIECKIE"", ""country"": ""PL""}",52.2084,20.9412,LEASE,1616 PLN,per month,Diesel,Manual,FWD
VXEYDF6F0TG014949,Movano Base · od 1614 PLN/mies.,Opel Movano Base · Rata od 1614 PLN netto/mies. · Leasing B2B · Warszawa · Sprawdź ofertę!,https://sklep.opel.pl/produkt/movano/vxeydf6f0tg014949/,https://raw.githubusercontent.com/Andy11001/-alfa-inventory/master/data/images/VXEYDF6F0TG014949_clean.jpg,Opel,Movano,2024,0,KM,Van,Szary Thunder Grey,New, PLN,PLN,"{""addr1"": ""AL. KRAKOWSKA 206"", ""city"": ""WARSZAWA"", ""region"": ""MAZOWIECKIE"", ""country"": ""PL""}",52.2084,20.9412,LEASE,1614 PLN,per month,Diesel,Manual,FWD
VXEYDF6F5TG019032,Movano Base · od 1616 PLN/mies.,Opel Movano Base · Rata od 1616 PLN netto/mies. · Leasing B2B · Warszawa · Sprawdź ofertę!,https://sklep.opel.pl/produkt/movano/vxeydf6f5tg019032/,https://raw.githubusercontent.com/Andy11001/-alfa-inventory/master/data/images/VXEYDF6F5TG019032_clean.jpg,Opel,Movano,2024,0,KM,Van,Bialy Kaolin White,New, PLN,PLN,"{""addr1"": ""AL. KRAKOWSKA 206"", ""city"": ""WARSZAWA"", ""region"": ""MAZOWIECKIE"", ""country"": ""PL""}",52.2084,20.9412,LEASE,1616 PLN,per month,Diesel,Manual,FWD
VXEVPFC35TZ022361,Vivaro Furgon Xl · od 1565 PLN/mies.,Opel Vivaro Furgon Xl · Rata od 1565 PLN netto/mies. · Leasing B2B · Warszawa · Sprawdź ofertę!,https://sklep.opel.pl/produkt/vivaro/vxevpfc35tz022361/,https://raw.githubusercontent.com/Andy11001/-alfa-inventory/master/data/images/VXEVPFC35TZ022361_clean.jpg,Opel,Vivaro,2024,0,KM,Van,Szary Kontrast,New, PLN,PLN,"{""addr1"": ""AL. KRAKOWSKA 206"", ""city"": ""WARSZAWA"", ""region"": ""MAZOWIECKIE"", ""country"": ""PL""}",52.2084,20.9412,LEASE,1565 PLN,per month,Diesel,Manual,FWD
VXEYDG6F9TG014938,Movano Base · od 1606 PLN/mies.,Opel Movano Base · Rata od 1606 PLN netto/mies. · Leasing B2B · Warszawa · Sprawdź ofertę!,https://sklep.opel.pl/produkt/movano/vxeydg6f9tg014938/,https://raw.githubusercontent.com/Andy11001/-alfa-inventory/master/data/images/VXEYDG6F9TG014938_clean.jpg,Opel,Movano,2024,0,KM,Van,Bialy Kaolin White,New, PLN,PLN,"{""addr1"": ""AL. KRAKOWSKA 206"", ""city"": ""WARSZAWA"", ""region"": ""MAZOWIECKIE"", ""country"": ""PL""}",52.2084,20.9412,LEASE,1606 PLN,per month,Diesel,Manual,FWD
VXEYDF6F7TG015015,Movano Base · od 1564 PLN/mies.,Opel Movano Base · Rata od 1564 PLN netto/mies. · Leasing B2B · Warszawa · Sprawdź ofertę!,https://sklep.opel.pl/produkt/movano/vxeydf6f7tg015015/,https://raw.githubusercontent.com/Andy11001/-alfa-inventory/master/data/images/VXEYDF6F7TG015015_clean.jpg,Opel,Movano,2024,0,KM,Van,Bialy Kaolin White,New, PLN,PLN,"{""addr1"": ""AL. KRAKOWSKA 206"", ""city"": ""WARSZAWA"", ""region"": ""MAZOWIECKIE"", ""country"": ""PL""}",52.2084,20.9412,LEASE,1564 PLN,per month,Diesel,Manual,FWD
VXEYDF6F7TG016097,Movano Base · od 1602 PLN/mies.,Opel Movano Base · Rata od 1602 PLN netto/mies. · Leasing B2B · Warszawa · Sprawdź ofertę!,https://sklep.opel.pl/produkt/movano/vxeydf6f7tg016097/,https://raw.githubusercontent.com/Andy11001/-alfa-inventory/master/data/images/VXEYDF6F7TG016097_clean.jpg,Opel,Movano,2024,0,KM,Van,Bialy Kaolin White,New, PLN,PLN,"{""addr1"": ""AL. KRAKOWSKA 206"", ""city"": ""WARSZAWA"", ""region"": ""MAZOWIECKIE"", ""country"": ""PL""}",52.2084,20.9412,LEASE,1602 PLN,per month,Diesel,Manual,FWD
VXEYDF6F8TG017355,Movano Base · od 1593 PLN/mies.,Opel Movano Base · Rata od 1593 PLN netto/mies. · Leasing B2B · Warszawa · Sprawdź ofertę!,https://sklep.opel.pl/produkt/movano/vxeydf6f8tg017355/,https://raw.githubusercontent.com/Andy11001/-alfa-inventory/master/data/images/VXEYDF6F8TG017355_clean.jpg,Opel,Movano,2024,0,KM,Van,Bialy Kaolin White,New, PLN,PLN,"{""addr1"": ""AL. KRAKOWSKA 206"", ""city"": ""WARSZAWA"", ""region"": ""MAZOWIECKIE"", ""country"": ""PL""}",52.2084,20.9412,LEASE,1593 PLN,per month,Diesel,Manual,FWD
VXEVPFC3XTU402860,Vivaro Furgon Xl · od 1531 PLN/mies.,Opel Vivaro Furgon Xl · Rata od 1531 PLN netto/mies. · Leasing B2B · Warszawa · Sprawdź ofertę!,https://sklep.opel.pl/produkt/vivaro/vxevpfc3xtu402860/,https://raw.githubusercontent.com/Andy11001/-alfa-inventory/master/data/images/VXEVPFC3XTU402860_clean.jpg,Opel,Vivaro,2024,0,KM,Van,Bialy Kaolin White,New, PLN,PLN,"{""addr1"": ""AL. KRAKOWSKA 206"", ""city"": ""WARSZAWA"", ""region"": ""MAZOWIECKIE"", ""country"": ""PL""}",52.2084,20.9412,LEASE,1531 PLN,per month,Diesel,Automatic,FWD
VXEVPFC37TU404923,Vivaro Furgon Xl · od 1511 PLN/mies.,Opel Vivaro Furgon Xl · Rata od 1511 PLN netto/mies. · Leasing B2B · Warszawa · Sprawdź ofertę!,https://sklep.opel.pl/produkt/vivaro/vxevpfc37tu404923/,https://raw.githubusercontent.com/Andy11001/-alfa-inventory/master/data/images/VXEVPFC37TU404923_clean.jpg,Opel,Vivaro,2024,0,KM,Van,Ciemnoszary Merkur,New, PLN,PLN,"{""addr1"": ""AL. KRAKOWSKA 206"", ""city"": ""WARSZAWA"", ""region"": ""MAZOWIECKIE"", ""country"": ""PL""}",52.2084,20.9412,LEASE,1511 PLN,per month,Diesel,Manual,FWD
VXEYDF6F3TG018798,Movano Base · od 1558 PLN/mies.,Opel Movano Base · Rata od 1558 PLN netto/mies. · Leasing B2B · Warszawa · Sprawdź ofertę!,https://sklep.opel.pl/produkt/movano/vxeydf6f3tg018798/,https://raw.githubusercontent.com/Andy11001/-alfa-inventory/master/data/images/VXEYDF6F3TG018798_clean.jpg,Opel,Movano,2024,0,KM,Van,Szary Thunder Grey,New, PLN,PLN,"{""addr1"": ""AL. KRAKOWSKA 206"", ""city"": ""WARSZAWA"", ""region"": ""MAZOWIECKIE"", ""country"": ""PL""}",52.2084,20.9412,LEASE,1558 PLN,per month,Diesel,Manual,FWD
VXEVPFC37TU392191,Vivaro Furgon Xl · od 1489 PLN/mies.,Opel Vivaro Furgon Xl · Rata od 1489 PLN netto/mies. · Leasing B2B · Warszawa · Sprawdź ofertę!,https://sklep.opel.pl/produkt/vivaro/vxevpfc37tu392191/,https://raw.githubusercontent.com/Andy11001/-alfa-inventory/master/data/images/VXEVPFC37TU392191_clean.jpg,Opel,Vivaro,2024,0,KM,Van,Szary Kontrast,New, PLN,PLN,"{""addr1"": ""AL. KRAKOWSKA 206"", ""city"": ""WARSZAWA"", ""region"": ""MAZOWIECKIE"", ""country"": ""PL""}",52.2084,20.9412,LEASE,1489 PLN,per month,Diesel,Manual,FWD
VXEVPFC33SU370994,Vivaro Furgon Xl · od 1498 PLN/mies.,Opel Vivaro Furgon Xl · Rata od 1498 PLN netto/mies. · Leasing B2B · Warszawa · Sprawdź ofertę!,https://sklep.opel.pl/produkt/vivaro/vxevpfc33su370994/,https://raw.githubusercontent.com/Andy11001/-alfa-inventory/master/data/images/VXEVPFC33SU370994_clean.jpg,Opel,Vivaro,2024,0,KM,Van,Bialy Kaolin White,New, PLN,PLN,"{""addr1"": ""AL. KRAKOWSKA 206"", ""city"": ""WARSZAWA"", ""region"": ""MAZOWIECKIE"", ""country"": ""PL""}",52.2084,20.9412,LEASE,1498 PLN,per month,Diesel,Automatic,FWD
VXEVPFC30TZ022333,Vivaro Furgon Xl · od 1485 PLN/mies.,Opel Vivaro Furgon Xl · Rata od 1485 PLN netto/mies. · Leasing B2B · Warszawa · Sprawdź ofertę!,https://sklep.opel.pl/produkt/vivaro/vxevpfc30tz022333/,https://raw.githubusercontent.com/Andy11001/-alfa-inventory/master/data/images/VXEVPFC30TZ022333_clean.jpg,Opel,Vivaro,2024,0,KM,Van,Bialy Kaolin White,New, PLN,PLN,"{""addr1"": ""AL. KRAKOWSKA 206"", ""city"": ""WARSZAWA"", ""region"": ""MAZOWIECKIE"", ""country"": ""PL""}",52.2084,20.9412,LEASE,1485 PLN,per month,Diesel,Manual,FWD
VXEYCF6F1TG018382,Movano Base · od 1517 PLN/mies.,Opel Movano Base · Rata od 1517 PLN netto/mies. · Leasing B2B · Warszawa · Sprawdź ofertę!,https://sklep.opel.pl/produkt/movano/vxeycf6f1tg018382/,https://raw.githubusercontent.com/Andy11001/-alfa-inventory/master/data/images/VXEYCF6F1TG018382_clean.jpg,Opel,Movano,2024,0,KM,Van,Bialy Kaolin White,New, PLN,PLN,"{""addr1"": ""AL. KRAKOWSKA 206"", ""city"": ""WARSZAWA"", ""region"": ""MAZOWIECKIE"", ""country"": ""PL""}",52.2084,20.9412,LEASE,1517 PLN,per month,Diesel,Manual,FWD
VXEVPFC39TU392192,Vivaro Furgon Xl · od 1466 PLN/mies.,Opel Vivaro Furgon Xl · Rata od 1466 PLN netto/mies. · Leasing B2B · Warszawa · Sprawdź ofertę!,https://sklep.opel.pl/produkt/vivaro/vxevpfc39tu392192/,https://raw.githubusercontent.com/Andy11001/-alfa-inventory/master/data/images/VXEVPFC39TU392192_clean.jpg,Opel,Vivaro,2024,0,KM,Van,Bialy Kaolin White,New, PLN,PLN,"{""addr1"": ""AL. KRAKOWSKA 206"", ""city"": ""WARSZAWA"", ""region"": ""MAZOWIECKIE"", ""country"": ""PL""}",52.2084,20.9412,LEASE,1466 PLN,per month,Diesel,Manual,FWD
