vehicle_id,title,description,rodzaj,make,model,year,link,image_link,exterior_color,additional_image_link,trim,offer_disclaimer,offer_disclaimer_url,price,offer_type,term_length,offer_term_qualifier,amount_price,amount_percentage,amount_qualifier,downpayment,downpayment_qualifier,emission_disclaimer,emission_disclaimer_url,emission_overlay_disclaimer,emission_image_link,fuel_type
PEU-0AAC-5936-4C51-790,Peugeot Boxer Base · od 167403 PLN,Nowy Peugeot Boxer Base · Diesel 2.2 120 KM · Sprawdź ofertę!,modelowy,Peugeot,Peugeot Boxer,2025,https://www.peugeot.pl/modele/boxer.html,https://visual3d-secure.peugeot.com/V3DImage.ashx?client=CFGAP3D&mkt=PL&env=PROD&version=2PXE3DHOGKB0A014&ratio=1&format=jpg&quality=90&width=1280&view=001&color=0MM00NZW&back=0,Szary Iron,,Base,Oferta ma charakter informacyjny. Szczegóły u autoryzowanego dealera Peugeot.,https://www.peugeot.pl/modele/boxer.html,167403 PLN,CASH,,,167403 PLN,,Total,,,,,,,Diesel
PEU-0AAC-5936-7185-790,Peugeot Boxer Base · od 167403 PLN,Nowy Peugeot Boxer Base · Diesel 2.2 120 KM · Sprawdź ofertę!,modelowy,Peugeot,Peugeot Boxer,2025,https://www.peugeot.pl/modele/boxer.html,https://visual3d-secure.peugeot.com/V3DImage.ashx?client=CFGAP3D&mkt=PL&env=PROD&version=2PXE3DHOGKB0A014&ratio=1&format=jpg&quality=90&width=1280&view=001&color=0MM00NF4&back=0,Szary Artense / Steel,,Base,Oferta ma charakter informacyjny. Szczegóły u autoryzowanego dealera Peugeot.,https://www.peugeot.pl/modele/boxer.html,167403 PLN,CASH,,,167403 PLN,,Total,,,,,,,Diesel
PEU-0AAC-5936-CE15-790,Peugeot Boxer Base · od 167403 PLN,Nowy Peugeot Boxer Base · Diesel 2.2 120 KM · Sprawdź ofertę!,modelowy,Peugeot,Peugeot Boxer,2025,https://www.peugeot.pl/modele/boxer.html,https://visual3d-secure.peugeot.com/V3DImage.ashx?client=CFGAP3D&mkt=PL&env=PROD&version=2PXE3DHOGKB0A014&ratio=1&format=jpg&quality=90&width=1280&view=001&color=0MM00NE9&back=0,Czarny Graphito,,Base,Oferta ma charakter informacyjny. Szczegóły u autoryzowanego dealera Peugeot.,https://www.peugeot.pl/modele/boxer.html,167403 PLN,CASH,,,167403 PLN,,Total,,,,,,,Diesel
PEU-0AAC-5936-4191-790,Peugeot Boxer Base · od 167403 PLN,Nowy Peugeot Boxer Base · Diesel 2.2 120 KM · Sprawdź ofertę!,modelowy,Peugeot,Peugeot Boxer,2025,https://www.peugeot.pl/modele/boxer.html,https://visual3d-secure.peugeot.com/V3DImage.ashx?client=CFGAP3D&mkt=PL&env=PROD&version=2PXE3DHOGKB0A014&ratio=1&format=jpg&quality=90&width=1280&view=001&color=0MP00NPR&back=0,Biały Icy,,Base,Oferta ma charakter informacyjny. Szczegóły u autoryzowanego dealera Peugeot.,https://www.peugeot.pl/modele/boxer.html,167403 PLN,CASH,,,167403 PLN,,Total,,,,,,,Diesel
PEU-0AAC-5936-297C-790,Peugeot Boxer Base · od 167403 PLN,Nowy Peugeot Boxer Base · Diesel 2.2 120 KM · Sprawdź ofertę!,modelowy,Peugeot,Peugeot Boxer,2025,https://www.peugeot.pl/modele/boxer.html,https://visual3d-secure.peugeot.com/V3DImage.ashx?client=CFGAP3D&mkt=PL&env=PROD&version=2PXE3DHOGKB0A014&ratio=1&format=jpg&quality=90&width=1280&view=001&color=0MP00N4K&back=0,Szary Expedition,,Base,Oferta ma charakter informacyjny. Szczegóły u autoryzowanego dealera Peugeot.,https://www.peugeot.pl/modele/boxer.html,167403 PLN,CASH,,,167403 PLN,,Total,,,,,,,Diesel
PEU-0AAC-5936-84BB-790,Peugeot Boxer Base · od 167403 PLN,Nowy Peugeot Boxer Base · Diesel 2.2 120 KM · Sprawdź ofertę!,modelowy,Peugeot,Peugeot Boxer,2025,https://www.peugeot.pl/modele/boxer.html,https://visual3d-secure.peugeot.com/V3DImage.ashx?client=CFGAP3D&mkt=PL&env=PROD&version=2PXE3DHOGKB0A014&ratio=1&format=jpg&quality=90&width=1280&view=001&color=0MP00N2B&back=0,Szary Lanzarote / Thunder,,Base,Oferta ma charakter informacyjny. Szczegóły u autoryzowanego dealera Peugeot.,https://www.peugeot.pl/modele/boxer.html,167403 PLN,CASH,,,167403 PLN,,Total,,,,,,,Diesel
PEU-0AAC-5936-EB46-790,Peugeot Boxer Base · od 167403 PLN,Nowy Peugeot Boxer Base · Diesel 2.2 120 KM · Sprawdź ofertę!,modelowy,Peugeot,Peugeot Boxer,2025,https://www.peugeot.pl/modele/boxer.html,https://visual3d-secure.peugeot.com/V3DImage.ashx?client=CFGAP3D&mkt=PL&env=PROD&version=2PXE6YHOKKB0A014&ratio=1&format=jpg&quality=90&width=1280&view=001&color=0ME00N1X&back=0,FLOTTE ROUGE TIZIANO,,Base,Oferta ma charakter informacyjny. Szczegóły u autoryzowanego dealera Peugeot.,https://www.peugeot.pl/modele/boxer.html,167403 PLN,CASH,,,167403 PLN,,Total,,,,,,,Diesel
PEU-0AAC-5936-9706-790,Peugeot Boxer Base · od 167403 PLN,Nowy Peugeot Boxer Base · Diesel 2.2 120 KM · Sprawdź ofertę!,modelowy,Peugeot,Peugeot Boxer,2025,https://www.peugeot.pl/modele/boxer.html,https://visual3d-secure.peugeot.com/V3DImage.ashx?client=CFGAP3D&mkt=PL&env=PROD&version=2PXE5KHOKKB0A014&ratio=1&format=jpg&quality=90&width=1280&view=001&color=0ME00NHS&back=0,FLOTTE ORANGE RAL 2011,,Base,Oferta ma charakter informacyjny. Szczegóły u autoryzowanego dealera Peugeot.,https://www.peugeot.pl/modele/boxer.html,167403 PLN,CASH,,,167403 PLN,,Total,,,,,,,Diesel
PEU-0AAC-5936-4C51-94B,Peugeot Boxer Base · od 171708 PLN,Nowy Peugeot Boxer Base · Diesel 2.2 140 KM · Sprawdź ofertę!,modelowy,Peugeot,Peugeot Boxer,2025,https://www.peugeot.pl/modele/boxer.html,https://visual3d-secure.peugeot.com/V3DImage.ashx?client=CFGAP3D&mkt=PL&env=PROD&version=2PXE3DHOGKB0A014&ratio=1&format=jpg&quality=90&width=1280&view=001&color=0MM00NZW&back=0,Szary Iron,,Base,Oferta ma charakter informacyjny. Szczegóły u autoryzowanego dealera Peugeot.,https://www.peugeot.pl/modele/boxer.html,171708 PLN,CASH,,,171708 PLN,,Total,,,,,,,Diesel
PEU-0AAC-5936-7185-94B,Peugeot Boxer Base · od 171708 PLN,Nowy Peugeot Boxer Base · Diesel 2.2 140 KM · Sprawdź ofertę!,modelowy,Peugeot,Peugeot Boxer,2025,https://www.peugeot.pl/modele/boxer.html,https://visual3d-secure.peugeot.com/V3DImage.ashx?client=CFGAP3D&mkt=PL&env=PROD&version=2PXE3DHOGKB0A014&ratio=1&format=jpg&quality=90&width=1280&view=001&color=0MM00NF4&back=0,Szary Artense / Steel,,Base,Oferta ma charakter informacyjny. Szczegóły u autoryzowanego dealera Peugeot.,https://www.peugeot.pl/modele/boxer.html,171708 PLN,CASH,,,171708 PLN,,Total,,,,,,,Diesel
PEU-0AAC-5936-CE15-94B,Peugeot Boxer Base · od 171708 PLN,Nowy Peugeot Boxer Base · Diesel 2.2 140 KM · Sprawdź ofertę!,modelowy,Peugeot,Peugeot Boxer,2025,https://www.peugeot.pl/modele/boxer.html,https://visual3d-secure.peugeot.com/V3DImage.ashx?client=CFGAP3D&mkt=PL&env=PROD&version=2PXE3DHOGKB0A014&ratio=1&format=jpg&quality=90&width=1280&view=001&color=0MM00NE9&back=0,Czarny Graphito,,Base,Oferta ma charakter informacyjny. Szczegóły u autoryzowanego dealera Peugeot.,https://www.peugeot.pl/modele/boxer.html,171708 PLN,CASH,,,171708 PLN,,Total,,,,,,,Diesel
PEU-0AAC-5936-4191-94B,Peugeot Boxer Base · od 171708 PLN,Nowy Peugeot Boxer Base · Diesel 2.2 140 KM · Sprawdź ofertę!,modelowy,Peugeot,Peugeot Boxer,2025,https://www.peugeot.pl/modele/boxer.html,https://visual3d-secure.peugeot.com/V3DImage.ashx?client=CFGAP3D&mkt=PL&env=PROD&version=2PXE3DHOGKB0A014&ratio=1&format=jpg&quality=90&width=1280&view=001&color=0MP00NPR&back=0,Biały Icy,,Base,Oferta ma charakter informacyjny. Szczegóły u autoryzowanego dealera Peugeot.,https://www.peugeot.pl/modele/boxer.html,171708 PLN,CASH,,,171708 PLN,,Total,,,,,,,Diesel
PEU-0AAC-5936-297C-94B,Peugeot Boxer Base · od 171708 PLN,Nowy Peugeot Boxer Base · Diesel 2.2 140 KM · Sprawdź ofertę!,modelowy,Peugeot,Peugeot Boxer,2025,https://www.peugeot.pl/modele/boxer.html,https://visual3d-secure.peugeot.com/V3DImage.ashx?client=CFGAP3D&mkt=PL&env=PROD&version=2PXE3DHOGKB0A014&ratio=1&format=jpg&quality=90&width=1280&view=001&color=0MP00N4K&back=0,Szary Expedition,,Base,Oferta ma charakter informacyjny. Szczegóły u autoryzowanego dealera Peugeot.,https://www.peugeot.pl/modele/boxer.html,171708 PLN,CASH,,,171708 PLN,,Total,,,,,,,Diesel
PEU-0AAC-5936-84BB-94B,Peugeot Boxer Base · od 171708 PLN,Nowy Peugeot Boxer Base · Diesel 2.2 140 KM · Sprawdź ofertę!,modelowy,Peugeot,Peugeot Boxer,2025,https://www.peugeot.pl/modele/boxer.html,https://visual3d-secure.peugeot.com/V3DImage.ashx?client=CFGAP3D&mkt=PL&env=PROD&version=2PXE3DHOGKB0A014&ratio=1&format=jpg&quality=90&width=1280&view=001&color=0MP00N2B&back=0,Szary Lanzarote / Thunder,,Base,Oferta ma charakter informacyjny. Szczegóły u autoryzowanego dealera Peugeot.,https://www.peugeot.pl/modele/boxer.html,171708 PLN,CASH,,,171708 PLN,,Total,,,,,,,Diesel
PEU-0AAC-5936-EB46-94B,Peugeot Boxer Base · od 171708 PLN,Nowy Peugeot Boxer Base · Diesel 2.2 140 KM · Sprawdź ofertę!,modelowy,Peugeot,Peugeot Boxer,2025,https://www.peugeot.pl/modele/boxer.html,https://visual3d-secure.peugeot.com/V3DImage.ashx?client=CFGAP3D&mkt=PL&env=PROD&version=2PXE6YHOKKB0A014&ratio=1&format=jpg&quality=90&width=1280&view=001&color=0ME00N1X&back=0,FLOTTE ROUGE TIZIANO,,Base,Oferta ma charakter informacyjny. Szczegóły u autoryzowanego dealera Peugeot.,https://www.peugeot.pl/modele/boxer.html,171708 PLN,CASH,,,171708 PLN,,Total,,,,,,,Diesel
PEU-0AAC-5936-9706-94B,Peugeot Boxer Base · od 171708 PLN,Nowy Peugeot Boxer Base · Diesel 2.2 140 KM · Sprawdź ofertę!,modelowy,Peugeot,Peugeot Boxer,2025,https://www.peugeot.pl/modele/boxer.html,https://visual3d-secure.peugeot.com/V3DImage.ashx?client=CFGAP3D&mkt=PL&env=PROD&version=2PXE5KHOKKB0A014&ratio=1&format=jpg&quality=90&width=1280&view=001&color=0ME00NHS&back=0,FLOTTE ORANGE RAL 2011,,Base,Oferta ma charakter informacyjny. Szczegóły u autoryzowanego dealera Peugeot.,https://www.peugeot.pl/modele/boxer.html,171708 PLN,CASH,,,171708 PLN,,Total,,,,,,,Diesel
PEU-0AAC-5936-4C51-133,Peugeot Boxer Base · od 171954 PLN,Nowy Peugeot Boxer Base · Diesel 2.2 140 KM HD · Sprawdź ofertę!,modelowy,Peugeot,Peugeot Boxer,2025,https://www.peugeot.pl/modele/boxer.html,https://visual3d-secure.peugeot.com/V3DImage.ashx?client=CFGAP3D&mkt=PL&env=PROD&version=2PXE3DHOGKB0A014&ratio=1&format=jpg&quality=90&width=1280&view=001&color=0MM00NZW&back=0,Szary Iron,,Base,Oferta ma charakter informacyjny. Szczegóły u autoryzowanego dealera Peugeot.,https://www.peugeot.pl/modele/boxer.html,171954 PLN,CASH,,,171954 PLN,,Total,,,,,,,Diesel
PEU-0AAC-5936-7185-133,Peugeot Boxer Base · od 171954 PLN,Nowy Peugeot Boxer Base · Diesel 2.2 140 KM HD · Sprawdź ofertę!,modelowy,Peugeot,Peugeot Boxer,2025,https://www.peugeot.pl/modele/boxer.html,https://visual3d-secure.peugeot.com/V3DImage.ashx?client=CFGAP3D&mkt=PL&env=PROD&version=2PXE3DHOGKB0A014&ratio=1&format=jpg&quality=90&width=1280&view=001&color=0MM00NF4&back=0,Szary Artense / Steel,,Base,Oferta ma charakter informacyjny. Szczegóły u autoryzowanego dealera Peugeot.,https://www.peugeot.pl/modele/boxer.html,171954 PLN,CASH,,,171954 PLN,,Total,,,,,,,Diesel
PEU-0AAC-5936-CE15-133,Peugeot Boxer Base · od 171954 PLN,Nowy Peugeot Boxer Base · Diesel 2.2 140 KM HD · Sprawdź ofertę!,modelowy,Peugeot,Peugeot Boxer,2025,https://www.peugeot.pl/modele/boxer.html,https://visual3d-secure.peugeot.com/V3DImage.ashx?client=CFGAP3D&mkt=PL&env=PROD&version=2PXE3DHOGKB0A014&ratio=1&format=jpg&quality=90&width=1280&view=001&color=0MM00NE9&back=0,Czarny Graphito,,Base,Oferta ma charakter informacyjny. Szczegóły u autoryzowanego dealera Peugeot.,https://www.peugeot.pl/modele/boxer.html,171954 PLN,CASH,,,171954 PLN,,Total,,,,,,,Diesel
PEU-0AAC-5936-4191-133,Peugeot Boxer Base · od 171954 PLN,Nowy Peugeot Boxer Base · Diesel 2.2 140 KM HD · Sprawdź ofertę!,modelowy,Peugeot,Peugeot Boxer,2025,https://www.peugeot.pl/modele/boxer.html,https://visual3d-secure.peugeot.com/V3DImage.ashx?client=CFGAP3D&mkt=PL&env=PROD&version=2PXE3DHOGKB0A014&ratio=1&format=jpg&quality=90&width=1280&view=001&color=0MP00NPR&back=0,Biały Icy,,Base,Oferta ma charakter informacyjny. Szczegóły u autoryzowanego dealera Peugeot.,https://www.peugeot.pl/modele/boxer.html,171954 PLN,CASH,,,171954 PLN,,Total,,,,,,,Diesel
PEU-0AAC-5936-297C-133,Peugeot Boxer Base · od 171954 PLN,Nowy Peugeot Boxer Base · Diesel 2.2 140 KM HD · Sprawdź ofertę!,modelowy,Peugeot,Peugeot Boxer,2025,https://www.peugeot.pl/modele/boxer.html,https://visual3d-secure.peugeot.com/V3DImage.ashx?client=CFGAP3D&mkt=PL&env=PROD&version=2PXE3DHOGKB0A014&ratio=1&format=jpg&quality=90&width=1280&view=001&color=0MP00N4K&back=0,Szary Expedition,,Base,Oferta ma charakter informacyjny. Szczegóły u autoryzowanego dealera Peugeot.,https://www.peugeot.pl/modele/boxer.html,171954 PLN,CASH,,,171954 PLN,,Total,,,,,,,Diesel
PEU-0AAC-5936-84BB-133,Peugeot Boxer Base · od 171954 PLN,Nowy Peugeot Boxer Base · Diesel 2.2 140 KM HD · Sprawdź ofertę!,modelowy,Peugeot,Peugeot Boxer,2025,https://www.peugeot.pl/modele/boxer.html,https://visual3d-secure.peugeot.com/V3DImage.ashx?client=CFGAP3D&mkt=PL&env=PROD&version=2PXE3DHOGKB0A014&ratio=1&format=jpg&quality=90&width=1280&view=001&color=0MP00N2B&back=0,Szary Lanzarote / Thunder,,Base,Oferta ma charakter informacyjny. Szczegóły u autoryzowanego dealera Peugeot.,https://www.peugeot.pl/modele/boxer.html,171954 PLN,CASH,,,171954 PLN,,Total,,,,,,,Diesel
PEU-0AAC-5936-EB46-133,Peugeot Boxer Base · od 171954 PLN,Nowy Peugeot Boxer Base · Diesel 2.2 140 KM HD · Sprawdź ofertę!,modelowy,Peugeot,Peugeot Boxer,2025,https://www.peugeot.pl/modele/boxer.html,https://visual3d-secure.peugeot.com/V3DImage.ashx?client=CFGAP3D&mkt=PL&env=PROD&version=2PXE6YHOKKB0A014&ratio=1&format=jpg&quality=90&width=1280&view=001&color=0ME00N1X&back=0,FLOTTE ROUGE TIZIANO,,Base,Oferta ma charakter informacyjny. Szczegóły u autoryzowanego dealera Peugeot.,https://www.peugeot.pl/modele/boxer.html,171954 PLN,CASH,,,171954 PLN,,Total,,,,,,,Diesel
PEU-0AAC-5936-9706-133,Peugeot Boxer Base · od 171954 PLN,Nowy Peugeot Boxer Base · Diesel 2.2 140 KM HD · Sprawdź ofertę!,modelowy,Peugeot,Peugeot Boxer,2025,https://www.peugeot.pl/modele/boxer.html,https://visual3d-secure.peugeot.com/V3DImage.ashx?client=CFGAP3D&mkt=PL&env=PROD&version=2PXE5KHOKKB0A014&ratio=1&format=jpg&quality=90&width=1280&view=001&color=0ME00NHS&back=0,FLOTTE ORANGE RAL 2011,,Base,Oferta ma charakter informacyjny. Szczegóły u autoryzowanego dealera Peugeot.,https://www.peugeot.pl/modele/boxer.html,171954 PLN,CASH,,,171954 PLN,,Total,,,,,,,Diesel
PEU-0AAC-5936-4C51-505,Peugeot Boxer Base · od 182901 PLN,Nowy Peugeot Boxer Base · Diesel 2.2 180 KM HD · Sprawdź ofertę!,modelowy,Peugeot,Peugeot Boxer,2025,https://www.peugeot.pl/modele/boxer.html,https://visual3d-secure.peugeot.com/V3DImage.ashx?client=CFGAP3D&mkt=PL&env=PROD&version=2PXE3DHOGKB0A014&ratio=1&format=jpg&quality=90&width=1280&view=001&color=0MM00NZW&back=0,Szary Iron,,Base,Oferta ma charakter informacyjny. Szczegóły u autoryzowanego dealera Peugeot.,https://www.peugeot.pl/modele/boxer.html,182901 PLN,CASH,,,182901 PLN,,Total,,,,,,,Diesel
PEU-0AAC-5936-7185-505,Peugeot Boxer Base · od 182901 PLN,Nowy Peugeot Boxer Base · Diesel 2.2 180 KM HD · Sprawdź ofertę!,modelowy,Peugeot,Peugeot Boxer,2025,https://www.peugeot.pl/modele/boxer.html,https://visual3d-secure.peugeot.com/V3DImage.ashx?client=CFGAP3D&mkt=PL&env=PROD&version=2PXE3DHOGKB0A014&ratio=1&format=jpg&quality=90&width=1280&view=001&color=0MM00NF4&back=0,Szary Artense / Steel,,Base,Oferta ma charakter informacyjny. Szczegóły u autoryzowanego dealera Peugeot.,https://www.peugeot.pl/modele/boxer.html,182901 PLN,CASH,,,182901 PLN,,Total,,,,,,,Diesel
PEU-0AAC-5936-CE15-505,Peugeot Boxer Base · od 182901 PLN,Nowy Peugeot Boxer Base · Diesel 2.2 180 KM HD · Sprawdź ofertę!,modelowy,Peugeot,Peugeot Boxer,2025,https://www.peugeot.pl/modele/boxer.html,https://visual3d-secure.peugeot.com/V3DImage.ashx?client=CFGAP3D&mkt=PL&env=PROD&version=2PXE3DHOGKB0A014&ratio=1&format=jpg&quality=90&width=1280&view=001&color=0MM00NE9&back=0,Czarny Graphito,,Base,Oferta ma charakter informacyjny. Szczegóły u autoryzowanego dealera Peugeot.,https://www.peugeot.pl/modele/boxer.html,182901 PLN,CASH,,,182901 PLN,,Total,,,,,,,Diesel
PEU-0AAC-5936-4191-505,Peugeot Boxer Base · od 182901 PLN,Nowy Peugeot Boxer Base · Diesel 2.2 180 KM HD · Sprawdź ofertę!,modelowy,Peugeot,Peugeot Boxer,2025,https://www.peugeot.pl/modele/boxer.html,https://visual3d-secure.peugeot.com/V3DImage.ashx?client=CFGAP3D&mkt=PL&env=PROD&version=2PXE3DHOGKB0A014&ratio=1&format=jpg&quality=90&width=1280&view=001&color=0MP00NPR&back=0,Biały Icy,,Base,Oferta ma charakter informacyjny. Szczegóły u autoryzowanego dealera Peugeot.,https://www.peugeot.pl/modele/boxer.html,182901 PLN,CASH,,,182901 PLN,,Total,,,,,,,Diesel
PEU-0AAC-5936-297C-505,Peugeot Boxer Base · od 182901 PLN,Nowy Peugeot Boxer Base · Diesel 2.2 180 KM HD · Sprawdź ofertę!,modelowy,Peugeot,Peugeot Boxer,2025,https://www.peugeot.pl/modele/boxer.html,https://visual3d-secure.peugeot.com/V3DImage.ashx?client=CFGAP3D&mkt=PL&env=PROD&version=2PXE3DHOGKB0A014&ratio=1&format=jpg&quality=90&width=1280&view=001&color=0MP00N4K&back=0,Szary Expedition,,Base,Oferta ma charakter informacyjny. Szczegóły u autoryzowanego dealera Peugeot.,https://www.peugeot.pl/modele/boxer.html,182901 PLN,CASH,,,182901 PLN,,Total,,,,,,,Diesel
PEU-0AAC-5936-84BB-505,Peugeot Boxer Base · od 182901 PLN,Nowy Peugeot Boxer Base · Diesel 2.2 180 KM HD · Sprawdź ofertę!,modelowy,Peugeot,Peugeot Boxer,2025,https://www.peugeot.pl/modele/boxer.html,https://visual3d-secure.peugeot.com/V3DImage.ashx?client=CFGAP3D&mkt=PL&env=PROD&version=2PXE3DHOGKB0A014&ratio=1&format=jpg&quality=90&width=1280&view=001&color=0MP00N2B&back=0,Szary Lanzarote / Thunder,,Base,Oferta ma charakter informacyjny. Szczegóły u autoryzowanego dealera Peugeot.,https://www.peugeot.pl/modele/boxer.html,182901 PLN,CASH,,,182901 PLN,,Total,,,,,,,Diesel
PEU-0AAC-5936-EB46-505,Peugeot Boxer Base · od 182901 PLN,Nowy Peugeot Boxer Base · Diesel 2.2 180 KM HD · Sprawdź ofertę!,modelowy,Peugeot,Peugeot Boxer,2025,https://www.peugeot.pl/modele/boxer.html,https://visual3d-secure.peugeot.com/V3DImage.ashx?client=CFGAP3D&mkt=PL&env=PROD&version=2PXE6YHOKKB0A014&ratio=1&format=jpg&quality=90&width=1280&view=001&color=0ME00N1X&back=0,FLOTTE ROUGE TIZIANO,,Base,Oferta ma charakter informacyjny. Szczegóły u autoryzowanego dealera Peugeot.,https://www.peugeot.pl/modele/boxer.html,182901 PLN,CASH,,,182901 PLN,,Total,,,,,,,Diesel
PEU-0AAC-5936-9706-505,Peugeot Boxer Base · od 182901 PLN,Nowy Peugeot Boxer Base · Diesel 2.2 180 KM HD · Sprawdź ofertę!,modelowy,Peugeot,Peugeot Boxer,2025,https://www.peugeot.pl/modele/boxer.html,https://visual3d-secure.peugeot.com/V3DImage.ashx?client=CFGAP3D&mkt=PL&env=PROD&version=2PXE5KHOKKB0A014&ratio=1&format=jpg&quality=90&width=1280&view=001&color=0ME00NHS&back=0,FLOTTE ORANGE RAL 2011,,Base,Oferta ma charakter informacyjny. Szczegóły u autoryzowanego dealera Peugeot.,https://www.peugeot.pl/modele/boxer.html,182901 PLN,CASH,,,182901 PLN,,Total,,,,,,,Diesel
PEU-0AAC-5936-4C51-EE8,Peugeot Boxer Base · od 185361 PLN,Nowy Peugeot Boxer Base · Diesel 2.2 180 KM · Sprawdź ofertę!,modelowy,Peugeot,Peugeot Boxer,2025,https://www.peugeot.pl/modele/boxer.html,https://visual3d-secure.peugeot.com/V3DImage.ashx?client=CFGAP3D&mkt=PL&env=PROD&version=2PXE3DHOGKB0A014&ratio=1&format=jpg&quality=90&width=1280&view=001&color=0MM00NZW&back=0,Szary Iron,,Base,Oferta ma charakter informacyjny. Szczegóły u autoryzowanego dealera Peugeot.,https://www.peugeot.pl/modele/boxer.html,185361 PLN,CASH,,,185361 PLN,,Total,,,,,,,Diesel
PEU-0AAC-5936-7185-EE8,Peugeot Boxer Base · od 185361 PLN,Nowy Peugeot Boxer Base · Diesel 2.2 180 KM · Sprawdź ofertę!,modelowy,Peugeot,Peugeot Boxer,2025,https://www.peugeot.pl/modele/boxer.html,https://visual3d-secure.peugeot.com/V3DImage.ashx?client=CFGAP3D&mkt=PL&env=PROD&version=2PXE3DHOGKB0A014&ratio=1&format=jpg&quality=90&width=1280&view=001&color=0MM00NF4&back=0,Szary Artense / Steel,,Base,Oferta ma charakter informacyjny. Szczegóły u autoryzowanego dealera Peugeot.,https://www.peugeot.pl/modele/boxer.html,185361 PLN,CASH,,,185361 PLN,,Total,,,,,,,Diesel
PEU-0AAC-5936-CE15-EE8,Peugeot Boxer Base · od 185361 PLN,Nowy Peugeot Boxer Base · Diesel 2.2 180 KM · Sprawdź ofertę!,modelowy,Peugeot,Peugeot Boxer,2025,https://www.peugeot.pl/modele/boxer.html,https://visual3d-secure.peugeot.com/V3DImage.ashx?client=CFGAP3D&mkt=PL&env=PROD&version=2PXE3DHOGKB0A014&ratio=1&format=jpg&quality=90&width=1280&view=001&color=0MM00NE9&back=0,Czarny Graphito,,Base,Oferta ma charakter informacyjny. Szczegóły u autoryzowanego dealera Peugeot.,https://www.peugeot.pl/modele/boxer.html,185361 PLN,CASH,,,185361 PLN,,Total,,,,,,,Diesel
PEU-0AAC-5936-4191-EE8,Peugeot Boxer Base · od 185361 PLN,Nowy Peugeot Boxer Base · Diesel 2.2 180 KM · Sprawdź ofertę!,modelowy,Peugeot,Peugeot Boxer,2025,https://www.peugeot.pl/modele/boxer.html,https://visual3d-secure.peugeot.com/V3DImage.ashx?client=CFGAP3D&mkt=PL&env=PROD&version=2PXE3DHOGKB0A014&ratio=1&format=jpg&quality=90&width=1280&view=001&color=0MP00NPR&back=0,Biały Icy,,Base,Oferta ma charakter informacyjny. Szczegóły u autoryzowanego dealera Peugeot.,https://www.peugeot.pl/modele/boxer.html,185361 PLN,CASH,,,185361 PLN,,Total,,,,,,,Diesel
PEU-0AAC-5936-297C-EE8,Peugeot Boxer Base · od 185361 PLN,Nowy Peugeot Boxer Base · Diesel 2.2 180 KM · Sprawdź ofertę!,modelowy,Peugeot,Peugeot Boxer,2025,https://www.peugeot.pl/modele/boxer.html,https://visual3d-secure.peugeot.com/V3DImage.ashx?client=CFGAP3D&mkt=PL&env=PROD&version=2PXE3DHOGKB0A014&ratio=1&format=jpg&quality=90&width=1280&view=001&color=0MP00N4K&back=0,Szary Expedition,,Base,Oferta ma charakter informacyjny. Szczegóły u autoryzowanego dealera Peugeot.,https://www.peugeot.pl/modele/boxer.html,185361 PLN,CASH,,,185361 PLN,,Total,,,,,,,Diesel
PEU-0AAC-5936-84BB-EE8,Peugeot Boxer Base · od 185361 PLN,Nowy Peugeot Boxer Base · Diesel 2.2 180 KM · Sprawdź ofertę!,modelowy,Peugeot,Peugeot Boxer,2025,https://www.peugeot.pl/modele/boxer.html,https://visual3d-secure.peugeot.com/V3DImage.ashx?client=CFGAP3D&mkt=PL&env=PROD&version=2PXE3DHOGKB0A014&ratio=1&format=jpg&quality=90&width=1280&view=001&color=0MP00N2B&back=0,Szary Lanzarote / Thunder,,Base,Oferta ma charakter informacyjny. Szczegóły u autoryzowanego dealera Peugeot.,https://www.peugeot.pl/modele/boxer.html,185361 PLN,CASH,,,185361 PLN,,Total,,,,,,,Diesel
PEU-0AAC-5936-EB46-EE8,Peugeot Boxer Base · od 185361 PLN,Nowy Peugeot Boxer Base · Diesel 2.2 180 KM · Sprawdź ofertę!,modelowy,Peugeot,Peugeot Boxer,2025,https://www.peugeot.pl/modele/boxer.html,https://visual3d-secure.peugeot.com/V3DImage.ashx?client=CFGAP3D&mkt=PL&env=PROD&version=2PXE6YHOKKB0A014&ratio=1&format=jpg&quality=90&width=1280&view=001&color=0ME00N1X&back=0,FLOTTE ROUGE TIZIANO,,Base,Oferta ma charakter informacyjny. Szczegóły u autoryzowanego dealera Peugeot.,https://www.peugeot.pl/modele/boxer.html,185361 PLN,CASH,,,185361 PLN,,Total,,,,,,,Diesel
PEU-0AAC-5936-9706-EE8,Peugeot Boxer Base · od 185361 PLN,Nowy Peugeot Boxer Base · Diesel 2.2 180 KM · Sprawdź ofertę!,modelowy,Peugeot,Peugeot Boxer,2025,https://www.peugeot.pl/modele/boxer.html,https://visual3d-secure.peugeot.com/V3DImage.ashx?client=CFGAP3D&mkt=PL&env=PROD&version=2PXE5KHOKKB0A014&ratio=1&format=jpg&quality=90&width=1280&view=001&color=0ME00NHS&back=0,FLOTTE ORANGE RAL 2011,,Base,Oferta ma charakter informacyjny. Szczegóły u autoryzowanego dealera Peugeot.,https://www.peugeot.pl/modele/boxer.html,185361 PLN,CASH,,,185361 PLN,,Total,,,,,,,Diesel
PEU-0AAC-5936-4C51-F01,Peugeot Boxer Base · od 302457 PLN,Nowy Peugeot Boxer Base · Elektryczny 270 KM / 110 kWh · Sprawdź ofertę!,modelowy,Peugeot,Peugeot Boxer,2025,https://www.peugeot.pl/modele/boxer.html,https://visual3d-secure.peugeot.com/V3DImage.ashx?client=CFGAP3D&mkt=PL&env=PROD&version=2PXE3DHOGKB0A014&ratio=1&format=jpg&quality=90&width=1280&view=001&color=0MM00NZW&back=0,Szary Iron,,Base,Oferta ma charakter informacyjny. Szczegóły u autoryzowanego dealera Peugeot.,https://www.peugeot.pl/modele/boxer.html,302457 PLN,CASH,,,302457 PLN,,Total,,,,,,,Electric
PEU-0AAC-5936-7185-F01,Peugeot Boxer Base · od 302457 PLN,Nowy Peugeot Boxer Base · Elektryczny 270 KM / 110 kWh · Sprawdź ofertę!,modelowy,Peugeot,Peugeot Boxer,2025,https://www.peugeot.pl/modele/boxer.html,https://visual3d-secure.peugeot.com/V3DImage.ashx?client=CFGAP3D&mkt=PL&env=PROD&version=2PXE3DHOGKB0A014&ratio=1&format=jpg&quality=90&width=1280&view=001&color=0MM00NF4&back=0,Szary Artense / Steel,,Base,Oferta ma charakter informacyjny. Szczegóły u autoryzowanego dealera Peugeot.,https://www.peugeot.pl/modele/boxer.html,302457 PLN,CASH,,,302457 PLN,,Total,,,,,,,Electric
PEU-0AAC-5936-CE15-F01,Peugeot Boxer Base · od 302457 PLN,Nowy Peugeot Boxer Base · Elektryczny 270 KM / 110 kWh · Sprawdź ofertę!,modelowy,Peugeot,Peugeot Boxer,2025,https://www.peugeot.pl/modele/boxer.html,https://visual3d-secure.peugeot.com/V3DImage.ashx?client=CFGAP3D&mkt=PL&env=PROD&version=2PXE3DHOGKB0A014&ratio=1&format=jpg&quality=90&width=1280&view=001&color=0MM00NE9&back=0,Czarny Graphito,,Base,Oferta ma charakter informacyjny. Szczegóły u autoryzowanego dealera Peugeot.,https://www.peugeot.pl/modele/boxer.html,302457 PLN,CASH,,,302457 PLN,,Total,,,,,,,Electric
PEU-0AAC-5936-4191-F01,Peugeot Boxer Base · od 302457 PLN,Nowy Peugeot Boxer Base · Elektryczny 270 KM / 110 kWh · Sprawdź ofertę!,modelowy,Peugeot,Peugeot Boxer,2025,https://www.peugeot.pl/modele/boxer.html,https://visual3d-secure.peugeot.com/V3DImage.ashx?client=CFGAP3D&mkt=PL&env=PROD&version=2PXE3DHOGKB0A014&ratio=1&format=jpg&quality=90&width=1280&view=001&color=0MP00NPR&back=0,Biały Icy,,Base,Oferta ma charakter informacyjny. Szczegóły u autoryzowanego dealera Peugeot.,https://www.peugeot.pl/modele/boxer.html,302457 PLN,CASH,,,302457 PLN,,Total,,,,,,,Electric
PEU-0AAC-5936-297C-F01,Peugeot Boxer Base · od 302457 PLN,Nowy Peugeot Boxer Base · Elektryczny 270 KM / 110 kWh · Sprawdź ofertę!,modelowy,Peugeot,Peugeot Boxer,2025,https://www.peugeot.pl/modele/boxer.html,https://visual3d-secure.peugeot.com/V3DImage.ashx?client=CFGAP3D&mkt=PL&env=PROD&version=2PXE3DHOGKB0A014&ratio=1&format=jpg&quality=90&width=1280&view=001&color=0MP00N4K&back=0,Szary Expedition,,Base,Oferta ma charakter informacyjny. Szczegóły u autoryzowanego dealera Peugeot.,https://www.peugeot.pl/modele/boxer.html,302457 PLN,CASH,,,302457 PLN,,Total,,,,,,,Electric
PEU-0AAC-5936-84BB-F01,Peugeot Boxer Base · od 302457 PLN,Nowy Peugeot Boxer Base · Elektryczny 270 KM / 110 kWh · Sprawdź ofertę!,modelowy,Peugeot,Peugeot Boxer,2025,https://www.peugeot.pl/modele/boxer.html,https://visual3d-secure.peugeot.com/V3DImage.ashx?client=CFGAP3D&mkt=PL&env=PROD&version=2PXE3DHOGKB0A014&ratio=1&format=jpg&quality=90&width=1280&view=001&color=0MP00N2B&back=0,Szary Lanzarote / Thunder,,Base,Oferta ma charakter informacyjny. Szczegóły u autoryzowanego dealera Peugeot.,https://www.peugeot.pl/modele/boxer.html,302457 PLN,CASH,,,302457 PLN,,Total,,,,,,,Electric
PEU-0AAC-5936-EB46-F01,Peugeot Boxer Base · od 302457 PLN,Nowy Peugeot Boxer Base · Elektryczny 270 KM / 110 kWh · Sprawdź ofertę!,modelowy,Peugeot,Peugeot Boxer,2025,https://www.peugeot.pl/modele/boxer.html,https://visual3d-secure.peugeot.com/V3DImage.ashx?client=CFGAP3D&mkt=PL&env=PROD&version=2PXE6YHOKKB0A014&ratio=1&format=jpg&quality=90&width=1280&view=001&color=0ME00N1X&back=0,FLOTTE ROUGE TIZIANO,,Base,Oferta ma charakter informacyjny. Szczegóły u autoryzowanego dealera Peugeot.,https://www.peugeot.pl/modele/boxer.html,302457 PLN,CASH,,,302457 PLN,,Total,,,,,,,Electric
PEU-0AAC-5936-9706-F01,Peugeot Boxer Base · od 302457 PLN,Nowy Peugeot Boxer Base · Elektryczny 270 KM / 110 kWh · Sprawdź ofertę!,modelowy,Peugeot,Peugeot Boxer,2025,https://www.peugeot.pl/modele/boxer.html,https://visual3d-secure.peugeot.com/V3DImage.ashx?client=CFGAP3D&mkt=PL&env=PROD&version=2PXE5KHOKKB0A014&ratio=1&format=jpg&quality=90&width=1280&view=001&color=0ME00NHS&back=0,FLOTTE ORANGE RAL 2011,,Base,Oferta ma charakter informacyjny. Szczegóły u autoryzowanego dealera Peugeot.,https://www.peugeot.pl/modele/boxer.html,302457 PLN,CASH,,,302457 PLN,,Total,,,,,,,Electric
PEU-7454-A51B-107F-B75,Peugeot Partner Furgon M · od 129765 PLN,Nowy Peugeot Partner Furgon M · Benzyna 110KM · Sprawdź ofertę!,modelowy,Peugeot,Peugeot Partner,2025,https://www.peugeot.pl/modele/partner.html,https://visual3d-secure.peugeot.com/V3DImage.ashx?client=CFGAP3D&mkt=PL&env=PROD&version=2PK91ANHUKB0A0B2&ratio=1&format=jpg&quality=90&width=1280&view=001&color=0MM00NF4&back=0,Szary Artense,,Furgon M,Oferta ma charakter informacyjny. Szczegóły u autoryzowanego dealera Peugeot.,https://www.peugeot.pl/modele/partner.html,129765 PLN,CASH,,,129765 PLN,,Total,,,,,,,Gasoline
PEU-7454-A51B-3B91-B75,Peugeot Partner Furgon M · od 129765 PLN,Nowy Peugeot Partner Furgon M · Benzyna 110KM · Sprawdź ofertę!,modelowy,Peugeot,Peugeot Partner,2025,https://www.peugeot.pl/modele/partner.html,https://visual3d-secure.peugeot.com/V3DImage.ashx?client=CFGAP3D&mkt=PL&env=PROD&version=2PK91ANHUKB0A0B2&ratio=1&format=jpg&quality=90&width=1280&view=001&color=0MM00N9V&back=0,Czarny Perla Nera,,Furgon M,Oferta ma charakter informacyjny. Szczegóły u autoryzowanego dealera Peugeot.,https://www.peugeot.pl/modele/partner.html,129765 PLN,CASH,,,129765 PLN,,Total,,,,,,,Gasoline
PEU-7454-A51B-D5A9-B75,Peugeot Partner Furgon M · od 129765 PLN,Nowy Peugeot Partner Furgon M · Benzyna 110KM · Sprawdź ofertę!,modelowy,Peugeot,Peugeot Partner,2025,https://www.peugeot.pl/modele/partner.html,https://visual3d-secure.peugeot.com/V3DImage.ashx?client=CFGAP3D&mkt=PL&env=PROD&version=2PK91ANHUKB0A0B2&ratio=1&format=jpg&quality=90&width=1280&view=001&color=0MM00NM6&back=0,Niebieski Kiama,,Furgon M,Oferta ma charakter informacyjny. Szczegóły u autoryzowanego dealera Peugeot.,https://www.peugeot.pl/modele/partner.html,129765 PLN,CASH,,,129765 PLN,,Total,,,,,,,Gasoline
PEU-7454-A51B-88B7-B75,Peugeot Partner Furgon M · od 129765 PLN,Nowy Peugeot Partner Furgon M · Benzyna 110KM · Sprawdź ofertę!,modelowy,Peugeot,Peugeot Partner,2025,https://www.peugeot.pl/modele/partner.html,https://visual3d-secure.peugeot.com/V3DImage.ashx?client=CFGAP3D&mkt=PL&env=PROD&version=2PK91ANHUKB0A0B2&ratio=1&format=jpg&quality=90&width=1280&view=001&color=0MP00NPR&back=0,Biały Icy White,,Furgon M,Oferta ma charakter informacyjny. Szczegóły u autoryzowanego dealera Peugeot.,https://www.peugeot.pl/modele/partner.html,129765 PLN,CASH,,,129765 PLN,,Total,,,,,,,Gasoline
PEU-7454-A51B-107F-B76,Peugeot Partner Furgon M · od 132963 PLN,Nowy Peugeot Partner Furgon M · Diesel 100KM · Sprawdź ofertę!,modelowy,Peugeot,Peugeot Partner,2025,https://www.peugeot.pl/modele/partner.html,https://visual3d-secure.peugeot.com/V3DImage.ashx?client=CFGAP3D&mkt=PL&env=PROD&version=2PK91ANHUKB0A0B2&ratio=1&format=jpg&quality=90&width=1280&view=001&color=0MM00NF4&back=0,Szary Artense,,Furgon M,Oferta ma charakter informacyjny. Szczegóły u autoryzowanego dealera Peugeot.,https://www.peugeot.pl/modele/partner.html,132963 PLN,CASH,,,132963 PLN,,Total,,,,,,,Diesel
PEU-7454-A51B-3B91-B76,Peugeot Partner Furgon M · od 132963 PLN,Nowy Peugeot Partner Furgon M · Diesel 100KM · Sprawdź ofertę!,modelowy,Peugeot,Peugeot Partner,2025,https://www.peugeot.pl/modele/partner.html,https://visual3d-secure.peugeot.com/V3DImage.ashx?client=CFGAP3D&mkt=PL&env=PROD&version=2PK91ANHUKB0A0B2&ratio=1&format=jpg&quality=90&width=1280&view=001&color=0MM00N9V&back=0,Czarny Perla Nera,,Furgon M,Oferta ma charakter informacyjny. Szczegóły u autoryzowanego dealera Peugeot.,https://www.peugeot.pl/modele/partner.html,132963 PLN,CASH,,,132963 PLN,,Total,,,,,,,Diesel
PEU-7454-A51B-D5A9-B76,Peugeot Partner Furgon M · od 132963 PLN,Nowy Peugeot Partner Furgon M · Diesel 100KM · Sprawdź ofertę!,modelowy,Peugeot,Peugeot Partner,2025,https://www.peugeot.pl/modele/partner.html,https://visual3d-secure.peugeot.com/V3DImage.ashx?client=CFGAP3D&mkt=PL&env=PROD&version=2PK91ANHUKB0A0B2&ratio=1&format=jpg&quality=90&width=1280&view=001&color=0MM00NM6&back=0,Niebieski Kiama,,Furgon M,Oferta ma charakter informacyjny. Szczegóły u autoryzowanego dealera Peugeot.,https://www.peugeot.pl/modele/partner.html,132963 PLN,CASH,,,132963 PLN,,Total,,,,,,,Diesel
PEU-7454-A51B-88B7-B76,Peugeot Partner Furgon M · od 132963 PLN,Nowy Peugeot Partner Furgon M · Diesel 100KM · Sprawdź ofertę!,modelowy,Peugeot,Peugeot Partner,2025,https://www.peugeot.pl/modele/partner.html,https://visual3d-secure.peugeot.com/V3DImage.ashx?client=CFGAP3D&mkt=PL&env=PROD&version=2PK91ANHUKB0A0B2&ratio=1&format=jpg&quality=90&width=1280&view=001&color=0MP00NPR&back=0,Biały Icy White,,Furgon M,Oferta ma charakter informacyjny. Szczegóły u autoryzowanego dealera Peugeot.,https://www.peugeot.pl/modele/partner.html,132963 PLN,CASH,,,132963 PLN,,Total,,,,,,,Diesel
PEU-7454-A51B-107F-B73,Peugeot Partner Furgon M · od 138867 PLN,Nowy Peugeot Partner Furgon M · Diesel 130KM · Sprawdź ofertę!,modelowy,Peugeot,Peugeot Partner,2025,https://www.peugeot.pl/modele/partner.html,https://visual3d-secure.peugeot.com/V3DImage.ashx?client=CFGAP3D&mkt=PL&env=PROD&version=2PK91ANHUKB0A0B2&ratio=1&format=jpg&quality=90&width=1280&view=001&color=0MM00NF4&back=0,Szary Artense,,Furgon M,Oferta ma charakter informacyjny. Szczegóły u autoryzowanego dealera Peugeot.,https://www.peugeot.pl/modele/partner.html,138867 PLN,CASH,,,138867 PLN,,Total,,,,,,,Diesel
PEU-7454-A51B-3B91-B73,Peugeot Partner Furgon M · od 138867 PLN,Nowy Peugeot Partner Furgon M · Diesel 130KM · Sprawdź ofertę!,modelowy,Peugeot,Peugeot Partner,2025,https://www.peugeot.pl/modele/partner.html,https://visual3d-secure.peugeot.com/V3DImage.ashx?client=CFGAP3D&mkt=PL&env=PROD&version=2PK91ANHUKB0A0B2&ratio=1&format=jpg&quality=90&width=1280&view=001&color=0MM00N9V&back=0,Czarny Perla Nera,,Furgon M,Oferta ma charakter informacyjny. Szczegóły u autoryzowanego dealera Peugeot.,https://www.peugeot.pl/modele/partner.html,138867 PLN,CASH,,,138867 PLN,,Total,,,,,,,Diesel
PEU-7454-A51B-D5A9-B73,Peugeot Partner Furgon M · od 138867 PLN,Nowy Peugeot Partner Furgon M · Diesel 130KM · Sprawdź ofertę!,modelowy,Peugeot,Peugeot Partner,2025,https://www.peugeot.pl/modele/partner.html,https://visual3d-secure.peugeot.com/V3DImage.ashx?client=CFGAP3D&mkt=PL&env=PROD&version=2PK91ANHUKB0A0B2&ratio=1&format=jpg&quality=90&width=1280&view=001&color=0MM00NM6&back=0,Niebieski Kiama,,Furgon M,Oferta ma charakter informacyjny. Szczegóły u autoryzowanego dealera Peugeot.,https://www.peugeot.pl/modele/partner.html,138867 PLN,CASH,,,138867 PLN,,Total,,,,,,,Diesel
PEU-7454-A51B-88B7-B73,Peugeot Partner Furgon M · od 138867 PLN,Nowy Peugeot Partner Furgon M · Diesel 130KM · Sprawdź ofertę!,modelowy,Peugeot,Peugeot Partner,2025,https://www.peugeot.pl/modele/partner.html,https://visual3d-secure.peugeot.com/V3DImage.ashx?client=CFGAP3D&mkt=PL&env=PROD&version=2PK91ANHUKB0A0B2&ratio=1&format=jpg&quality=90&width=1280&view=001&color=0MP00NPR&back=0,Biały Icy White,,Furgon M,Oferta ma charakter informacyjny. Szczegóły u autoryzowanego dealera Peugeot.,https://www.peugeot.pl/modele/partner.html,138867 PLN,CASH,,,138867 PLN,,Total,,,,,,,Diesel
PEU-7454-C0B4-3B91-B76,Peugeot Partner Furgon M podwyższona ładowność · od 135054 PLN,Nowy Peugeot Partner Furgon M podwyższona ładowność · Diesel 100KM · Sprawdź ofertę!,modelowy,Peugeot,Peugeot Partner,2025,https://www.peugeot.pl/modele/partner.html,https://visual3d-secure.peugeot.com/V3DImage.ashx?client=CFGAP3D&mkt=PL&env=PROD&version=2PK91CNP6KB0A0B2&ratio=1&format=jpg&quality=90&width=1280&view=001&color=0MM00N9V&back=0,Czarny Perla Nera,,Furgon M podwyższona ładowność,Oferta ma charakter informacyjny. Szczegóły u autoryzowanego dealera Peugeot.,https://www.peugeot.pl/modele/partner.html,135054 PLN,CASH,,,135054 PLN,,Total,,,,,,,Diesel
PEU-7454-C0B4-D5A9-B76,Peugeot Partner Furgon M podwyższona ładowność · od 135054 PLN,Nowy Peugeot Partner Furgon M podwyższona ładowność · Diesel 100KM · Sprawdź ofertę!,modelowy,Peugeot,Peugeot Partner,2025,https://www.peugeot.pl/modele/partner.html,https://visual3d-secure.peugeot.com/V3DImage.ashx?client=CFGAP3D&mkt=PL&env=PROD&version=2PK91CNP6KB0A0B2&ratio=1&format=jpg&quality=90&width=1280&view=001&color=0MM00NM6&back=0,Niebieski Kiama,,Furgon M podwyższona ładowność,Oferta ma charakter informacyjny. Szczegóły u autoryzowanego dealera Peugeot.,https://www.peugeot.pl/modele/partner.html,135054 PLN,CASH,,,135054 PLN,,Total,,,,,,,Diesel
PEU-7454-C0B4-107F-B76,Peugeot Partner Furgon M podwyższona ładowność · od 135054 PLN,Nowy Peugeot Partner Furgon M podwyższona ładowność · Diesel 100KM · Sprawdź ofertę!,modelowy,Peugeot,Peugeot Partner,2025,https://www.peugeot.pl/modele/partner.html,https://visual3d-secure.peugeot.com/V3DImage.ashx?client=CFGAP3D&mkt=PL&env=PROD&version=2PK91CNP6KB0A0B2&ratio=1&format=jpg&quality=90&width=1280&view=001&color=0MM00NF4&back=0,Szary Artense,,Furgon M podwyższona ładowność,Oferta ma charakter informacyjny. Szczegóły u autoryzowanego dealera Peugeot.,https://www.peugeot.pl/modele/partner.html,135054 PLN,CASH,,,135054 PLN,,Total,,,,,,,Diesel
PEU-7454-C0B4-88B7-B76,Peugeot Partner Furgon M podwyższona ładowność · od 135054 PLN,Nowy Peugeot Partner Furgon M podwyższona ładowność · Diesel 100KM · Sprawdź ofertę!,modelowy,Peugeot,Peugeot Partner,2025,https://www.peugeot.pl/modele/partner.html,https://visual3d-secure.peugeot.com/V3DImage.ashx?client=CFGAP3D&mkt=PL&env=PROD&version=2PK91CNP6KB0A0B2&ratio=1&format=jpg&quality=90&width=1280&view=001&color=0MP00NPR&back=0,Biały Icy White,,Furgon M podwyższona ładowność,Oferta ma charakter informacyjny. Szczegóły u autoryzowanego dealera Peugeot.,https://www.peugeot.pl/modele/partner.html,135054 PLN,CASH,,,135054 PLN,,Total,,,,,,,Diesel
PEU-7454-C0B4-3B91-B73,Peugeot Partner Furgon M podwyższona ładowność · od 140958 PLN,Nowy Peugeot Partner Furgon M podwyższona ładowność · Diesel 130KM · Sprawdź ofertę!,modelowy,Peugeot,Peugeot Partner,2025,https://www.peugeot.pl/modele/partner.html,https://visual3d-secure.peugeot.com/V3DImage.ashx?client=CFGAP3D&mkt=PL&env=PROD&version=2PK91CNP6KB0A0B2&ratio=1&format=jpg&quality=90&width=1280&view=001&color=0MM00N9V&back=0,Czarny Perla Nera,,Furgon M podwyższona ładowność,Oferta ma charakter informacyjny. Szczegóły u autoryzowanego dealera Peugeot.,https://www.peugeot.pl/modele/partner.html,140958 PLN,CASH,,,140958 PLN,,Total,,,,,,,Diesel
PEU-7454-C0B4-D5A9-B73,Peugeot Partner Furgon M podwyższona ładowność · od 140958 PLN,Nowy Peugeot Partner Furgon M podwyższona ładowność · Diesel 130KM · Sprawdź ofertę!,modelowy,Peugeot,Peugeot Partner,2025,https://www.peugeot.pl/modele/partner.html,https://visual3d-secure.peugeot.com/V3DImage.ashx?client=CFGAP3D&mkt=PL&env=PROD&version=2PK91CNP6KB0A0B2&ratio=1&format=jpg&quality=90&width=1280&view=001&color=0MM00NM6&back=0,Niebieski Kiama,,Furgon M podwyższona ładowność,Oferta ma charakter informacyjny. Szczegóły u autoryzowanego dealera Peugeot.,https://www.peugeot.pl/modele/partner.html,140958 PLN,CASH,,,140958 PLN,,Total,,,,,,,Diesel
PEU-7454-C0B4-107F-B73,Peugeot Partner Furgon M podwyższona ładowność · od 140958 PLN,Nowy Peugeot Partner Furgon M podwyższona ładowność · Diesel 130KM · Sprawdź ofertę!,modelowy,Peugeot,Peugeot Partner,2025,https://www.peugeot.pl/modele/partner.html,https://visual3d-secure.peugeot.com/V3DImage.ashx?client=CFGAP3D&mkt=PL&env=PROD&version=2PK91CNP6KB0A0B2&ratio=1&format=jpg&quality=90&width=1280&view=001&color=0MM00NF4&back=0,Szary Artense,,Furgon M podwyższona ładowność,Oferta ma charakter informacyjny. Szczegóły u autoryzowanego dealera Peugeot.,https://www.peugeot.pl/modele/partner.html,140958 PLN,CASH,,,140958 PLN,,Total,,,,,,,Diesel
PEU-7454-C0B4-88B7-B73,Peugeot Partner Furgon M podwyższona ładowność · od 140958 PLN,Nowy Peugeot Partner Furgon M podwyższona ładowność · Diesel 130KM · Sprawdź ofertę!,modelowy,Peugeot,Peugeot Partner,2025,https://www.peugeot.pl/modele/partner.html,https://visual3d-secure.peugeot.com/V3DImage.ashx?client=CFGAP3D&mkt=PL&env=PROD&version=2PK91CNP6KB0A0B2&ratio=1&format=jpg&quality=90&width=1280&view=001&color=0MP00NPR&back=0,Biały Icy White,,Furgon M podwyższona ładowność,Oferta ma charakter informacyjny. Szczegóły u autoryzowanego dealera Peugeot.,https://www.peugeot.pl/modele/partner.html,140958 PLN,CASH,,,140958 PLN,,Total,,,,,,,Diesel
PEU-7454-106E-107F-B76,Peugeot Partner Furgon XL · od 140712 PLN,Nowy Peugeot Partner Furgon XL · Diesel 100KM · Sprawdź ofertę!,modelowy,Peugeot,Peugeot Partner,2025,https://www.peugeot.pl/modele/partner.html,https://visual3d-secure.peugeot.com/V3DImage.ashx?client=CFGAP3D&mkt=PL&env=PROD&version=2PK95CNP6KB0A0B2&ratio=1&format=jpg&quality=90&width=1280&view=001&color=0MM00NF4&back=0,Szary Artense,,Furgon XL,Oferta ma charakter informacyjny. Szczegóły u autoryzowanego dealera Peugeot.,https://www.peugeot.pl/modele/partner.html,140712 PLN,CASH,,,140712 PLN,,Total,,,,,,,Diesel
PEU-7454-106E-3B91-B76,Peugeot Partner Furgon XL · od 140712 PLN,Nowy Peugeot Partner Furgon XL · Diesel 100KM · Sprawdź ofertę!,modelowy,Peugeot,Peugeot Partner,2025,https://www.peugeot.pl/modele/partner.html,https://visual3d-secure.peugeot.com/V3DImage.ashx?client=CFGAP3D&mkt=PL&env=PROD&version=2PK95CNP6KB0A0B2&ratio=1&format=jpg&quality=90&width=1280&view=001&color=0MM00N9V&back=0,Czarny Perla Nera,,Furgon XL,Oferta ma charakter informacyjny. Szczegóły u autoryzowanego dealera Peugeot.,https://www.peugeot.pl/modele/partner.html,140712 PLN,CASH,,,140712 PLN,,Total,,,,,,,Diesel
PEU-7454-106E-D5A9-B76,Peugeot Partner Furgon XL · od 140712 PLN,Nowy Peugeot Partner Furgon XL · Diesel 100KM · Sprawdź ofertę!,modelowy,Peugeot,Peugeot Partner,2025,https://www.peugeot.pl/modele/partner.html,https://visual3d-secure.peugeot.com/V3DImage.ashx?client=CFGAP3D&mkt=PL&env=PROD&version=2PK95CNP6KB0A0B2&ratio=1&format=jpg&quality=90&width=1280&view=001&color=0MM00NM6&back=0,Niebieski Kiama,,Furgon XL,Oferta ma charakter informacyjny. Szczegóły u autoryzowanego dealera Peugeot.,https://www.peugeot.pl/modele/partner.html,140712 PLN,CASH,,,140712 PLN,,Total,,,,,,,Diesel
PEU-7454-106E-88B7-B76,Peugeot Partner Furgon XL · od 140712 PLN,Nowy Peugeot Partner Furgon XL · Diesel 100KM · Sprawdź ofertę!,modelowy,Peugeot,Peugeot Partner,2025,https://www.peugeot.pl/modele/partner.html,https://visual3d-secure.peugeot.com/V3DImage.ashx?client=CFGAP3D&mkt=PL&env=PROD&version=2PK95CNP6KB0A0B2&ratio=1&format=jpg&quality=90&width=1280&view=001&color=0MP00NPR&back=0,Biały Icy White,,Furgon XL,Oferta ma charakter informacyjny. Szczegóły u autoryzowanego dealera Peugeot.,https://www.peugeot.pl/modele/partner.html,140712 PLN,CASH,,,140712 PLN,,Total,,,,,,,Diesel
PEU-7454-106E-107F-B73,Peugeot Partner Furgon XL · od 146616 PLN,Nowy Peugeot Partner Furgon XL · Diesel 130KM · Sprawdź ofertę!,modelowy,Peugeot,Peugeot Partner,2025,https://www.peugeot.pl/modele/partner.html,https://visual3d-secure.peugeot.com/V3DImage.ashx?client=CFGAP3D&mkt=PL&env=PROD&version=2PK95CNP6KB0A0B2&ratio=1&format=jpg&quality=90&width=1280&view=001&color=0MM00NF4&back=0,Szary Artense,,Furgon XL,Oferta ma charakter informacyjny. Szczegóły u autoryzowanego dealera Peugeot.,https://www.peugeot.pl/modele/partner.html,146616 PLN,CASH,,,146616 PLN,,Total,,,,,,,Diesel
PEU-7454-106E-3B91-B73,Peugeot Partner Furgon XL · od 146616 PLN,Nowy Peugeot Partner Furgon XL · Diesel 130KM · Sprawdź ofertę!,modelowy,Peugeot,Peugeot Partner,2025,https://www.peugeot.pl/modele/partner.html,https://visual3d-secure.peugeot.com/V3DImage.ashx?client=CFGAP3D&mkt=PL&env=PROD&version=2PK95CNP6KB0A0B2&ratio=1&format=jpg&quality=90&width=1280&view=001&color=0MM00N9V&back=0,Czarny Perla Nera,,Furgon XL,Oferta ma charakter informacyjny. Szczegóły u autoryzowanego dealera Peugeot.,https://www.peugeot.pl/modele/partner.html,146616 PLN,CASH,,,146616 PLN,,Total,,,,,,,Diesel
PEU-7454-106E-D5A9-B73,Peugeot Partner Furgon XL · od 146616 PLN,Nowy Peugeot Partner Furgon XL · Diesel 130KM · Sprawdź ofertę!,modelowy,Peugeot,Peugeot Partner,2025,https://www.peugeot.pl/modele/partner.html,https://visual3d-secure.peugeot.com/V3DImage.ashx?client=CFGAP3D&mkt=PL&env=PROD&version=2PK95CNP6KB0A0B2&ratio=1&format=jpg&quality=90&width=1280&view=001&color=0MM00NM6&back=0,Niebieski Kiama,,Furgon XL,Oferta ma charakter informacyjny. Szczegóły u autoryzowanego dealera Peugeot.,https://www.peugeot.pl/modele/partner.html,146616 PLN,CASH,,,146616 PLN,,Total,,,,,,,Diesel
PEU-7454-106E-88B7-B73,Peugeot Partner Furgon XL · od 146616 PLN,Nowy Peugeot Partner Furgon XL · Diesel 130KM · Sprawdź ofertę!,modelowy,Peugeot,Peugeot Partner,2025,https://www.peugeot.pl/modele/partner.html,https://visual3d-secure.peugeot.com/V3DImage.ashx?client=CFGAP3D&mkt=PL&env=PROD&version=2PK95CNP6KB0A0B2&ratio=1&format=jpg&quality=90&width=1280&view=001&color=0MP00NPR&back=0,Biały Icy White,,Furgon XL,Oferta ma charakter informacyjny. Szczegóły u autoryzowanego dealera Peugeot.,https://www.peugeot.pl/modele/partner.html,146616 PLN,CASH,,,146616 PLN,,Total,,,,,,,Diesel
PEU-7454-6FAC-3B91-B76,Peugeot Partner Furgon Załogowy XL · od 144033 PLN,Nowy Peugeot Partner Furgon Załogowy XL · Diesel 100KM · Sprawdź ofertę!,modelowy,Peugeot,Peugeot Partner,2025,https://www.peugeot.pl/modele/partner.html,https://visuel3d-secure.peugeot.com/v3dcentral/Colors/NDP/th_0MM00N9V_big.png,Czarny Perla Nera,,Furgon Załogowy XL,Oferta ma charakter informacyjny. Szczegóły u autoryzowanego dealera Peugeot.,https://www.peugeot.pl/modele/partner.html,144033 PLN,CASH,,,144033 PLN,,Total,,,,,,,Diesel
PEU-7454-6FAC-107F-B76,Peugeot Partner Furgon Załogowy XL · od 144033 PLN,Nowy Peugeot Partner Furgon Załogowy XL · Diesel 100KM · Sprawdź ofertę!,modelowy,Peugeot,Peugeot Partner,2025,https://www.peugeot.pl/modele/partner.html,https://visuel3d-secure.peugeot.com/v3dcentral/Colors/NDP/th_0MM00NF4_big.png,Szary Artense,,Furgon Załogowy XL,Oferta ma charakter informacyjny. Szczegóły u autoryzowanego dealera Peugeot.,https://www.peugeot.pl/modele/partner.html,144033 PLN,CASH,,,144033 PLN,,Total,,,,,,,Diesel
PEU-7454-6FAC-D5A9-B76,Peugeot Partner Furgon Załogowy XL · od 144033 PLN,Nowy Peugeot Partner Furgon Załogowy XL · Diesel 100KM · Sprawdź ofertę!,modelowy,Peugeot,Peugeot Partner,2025,https://www.peugeot.pl/modele/partner.html,https://visuel3d-secure.peugeot.com/v3dcentral/Colors/NDP/th_0MM00NM6_big.png,Niebieski Kiama,,Furgon Załogowy XL,Oferta ma charakter informacyjny. Szczegóły u autoryzowanego dealera Peugeot.,https://www.peugeot.pl/modele/partner.html,144033 PLN,CASH,,,144033 PLN,,Total,,,,,,,Diesel
PEU-7454-6FAC-88B7-B76,Peugeot Partner Furgon Załogowy XL · od 144033 PLN,Nowy Peugeot Partner Furgon Załogowy XL · Diesel 100KM · Sprawdź ofertę!,modelowy,Peugeot,Peugeot Partner,2025,https://www.peugeot.pl/modele/partner.html,https://visuel3d-secure.peugeot.com/v3dcentral/Colors/NDP/th_0MP00NPR_big.png,Biały Icy White,,Furgon Załogowy XL,Oferta ma charakter informacyjny. Szczegóły u autoryzowanego dealera Peugeot.,https://www.peugeot.pl/modele/partner.html,144033 PLN,CASH,,,144033 PLN,,Total,,,,,,,Diesel
PEU-7454-6FAC-3B91-B73,Peugeot Partner Furgon Załogowy XL · od 155841 PLN,Nowy Peugeot Partner Furgon Załogowy XL · Diesel 130KM · Sprawdź ofertę!,modelowy,Peugeot,Peugeot Partner,2025,https://www.peugeot.pl/modele/partner.html,https://visuel3d-secure.peugeot.com/v3dcentral/Colors/NDP/th_0MM00N9V_big.png,Czarny Perla Nera,,Furgon Załogowy XL,Oferta ma charakter informacyjny. Szczegóły u autoryzowanego dealera Peugeot.,https://www.peugeot.pl/modele/partner.html,155841 PLN,CASH,,,155841 PLN,,Total,,,,,,,Diesel
PEU-7454-6FAC-107F-B73,Peugeot Partner Furgon Załogowy XL · od 155841 PLN,Nowy Peugeot Partner Furgon Załogowy XL · Diesel 130KM · Sprawdź ofertę!,modelowy,Peugeot,Peugeot Partner,2025,https://www.peugeot.pl/modele/partner.html,https://visuel3d-secure.peugeot.com/v3dcentral/Colors/NDP/th_0MM00NF4_big.png,Szary Artense,,Furgon Załogowy XL,Oferta ma charakter informacyjny. Szczegóły u autoryzowanego dealera Peugeot.,https://www.peugeot.pl/modele/partner.html,155841 PLN,CASH,,,155841 PLN,,Total,,,,,,,Diesel
PEU-7454-6FAC-D5A9-B73,Peugeot Partner Furgon Załogowy XL · od 155841 PLN,Nowy Peugeot Partner Furgon Załogowy XL · Diesel 130KM · Sprawdź ofertę!,modelowy,Peugeot,Peugeot Partner,2025,https://www.peugeot.pl/modele/partner.html,https://visuel3d-secure.peugeot.com/v3dcentral/Colors/NDP/th_0MM00NM6_big.png,Niebieski Kiama,,Furgon Załogowy XL,Oferta ma charakter informacyjny. Szczegóły u autoryzowanego dealera Peugeot.,https://www.peugeot.pl/modele/partner.html,155841 PLN,CASH,,,155841 PLN,,Total,,,,,,,Diesel
PEU-7454-6FAC-88B7-B73,Peugeot Partner Furgon Załogowy XL · od 155841 PLN,Nowy Peugeot Partner Furgon Załogowy XL · Diesel 130KM · Sprawdź ofertę!,modelowy,Peugeot,Peugeot Partner,2025,https://www.peugeot.pl/modele/partner.html,https://visuel3d-secure.peugeot.com/v3dcentral/Colors/NDP/th_0MP00NPR_big.png,Biały Icy White,,Furgon Załogowy XL,Oferta ma charakter informacyjny. Szczegóły u autoryzowanego dealera Peugeot.,https://www.peugeot.pl/modele/partner.html,155841 PLN,CASH,,,155841 PLN,,Total,,,,,,,Diesel
PEU-7454-967B-D5A9-B76,Peugeot Partner Furgon M PRO SKILL · od 146739 PLN,Nowy Peugeot Partner Furgon M PRO SKILL · Diesel 100KM · Sprawdź ofertę!,modelowy,Peugeot,Peugeot Partner,2025,https://www.peugeot.pl/modele/partner.html,https://visual3d-secure.peugeot.com/V3DImage.ashx?client=CFGAP3D&mkt=PL&env=PROD&version=2PK91ANP6KB0UBB2&ratio=1&format=jpg&quality=90&width=1280&view=001&color=0MM00NM6&back=0,Niebieski Kiama,,Furgon M PRO SKILL,Oferta ma charakter informacyjny. Szczegóły u autoryzowanego dealera Peugeot.,https://www.peugeot.pl/modele/partner.html,146739 PLN,CASH,,,146739 PLN,,Total,,,,,,,Diesel
PEU-7454-967B-107F-B76,Peugeot Partner Furgon M PRO SKILL · od 146739 PLN,Nowy Peugeot Partner Furgon M PRO SKILL · Diesel 100KM · Sprawdź ofertę!,modelowy,Peugeot,Peugeot Partner,2025,https://www.peugeot.pl/modele/partner.html,https://visual3d-secure.peugeot.com/V3DImage.ashx?client=CFGAP3D&mkt=PL&env=PROD&version=2PK91ANP6KB0UBB2&ratio=1&format=jpg&quality=90&width=1280&view=001&color=0MM00NF4&back=0,Szary Artense,,Furgon M PRO SKILL,Oferta ma charakter informacyjny. Szczegóły u autoryzowanego dealera Peugeot.,https://www.peugeot.pl/modele/partner.html,146739 PLN,CASH,,,146739 PLN,,Total,,,,,,,Diesel
PEU-7454-967B-88B7-B76,Peugeot Partner Furgon M PRO SKILL · od 146739 PLN,Nowy Peugeot Partner Furgon M PRO SKILL · Diesel 100KM · Sprawdź ofertę!,modelowy,Peugeot,Peugeot Partner,2025,https://www.peugeot.pl/modele/partner.html,https://visual3d-secure.peugeot.com/V3DImage.ashx?client=CFGAP3D&mkt=PL&env=PROD&version=2PK91ANP6KB0UBB2&ratio=1&format=jpg&quality=90&width=1280&view=001&color=0MP00NPR&back=0,Biały Icy White,,Furgon M PRO SKILL,Oferta ma charakter informacyjny. Szczegóły u autoryzowanego dealera Peugeot.,https://www.peugeot.pl/modele/partner.html,146739 PLN,CASH,,,146739 PLN,,Total,,,,,,,Diesel
PEU-7454-967B-D5A9-B73,Peugeot Partner Furgon M PRO SKILL · od 158547 PLN,Nowy Peugeot Partner Furgon M PRO SKILL · Diesel 130KM · Sprawdź ofertę!,modelowy,Peugeot,Peugeot Partner,2025,https://www.peugeot.pl/modele/partner.html,https://visual3d-secure.peugeot.com/V3DImage.ashx?client=CFGAP3D&mkt=PL&env=PROD&version=2PK91ANP6KB0UBB2&ratio=1&format=jpg&quality=90&width=1280&view=001&color=0MM00NM6&back=0,Niebieski Kiama,,Furgon M PRO SKILL,Oferta ma charakter informacyjny. Szczegóły u autoryzowanego dealera Peugeot.,https://www.peugeot.pl/modele/partner.html,158547 PLN,CASH,,,158547 PLN,,Total,,,,,,,Diesel
PEU-7454-967B-107F-B73,Peugeot Partner Furgon M PRO SKILL · od 158547 PLN,Nowy Peugeot Partner Furgon M PRO SKILL · Diesel 130KM · Sprawdź ofertę!,modelowy,Peugeot,Peugeot Partner,2025,https://www.peugeot.pl/modele/partner.html,https://visual3d-secure.peugeot.com/V3DImage.ashx?client=CFGAP3D&mkt=PL&env=PROD&version=2PK91ANP6KB0UBB2&ratio=1&format=jpg&quality=90&width=1280&view=001&color=0MM00NF4&back=0,Szary Artense,,Furgon M PRO SKILL,Oferta ma charakter informacyjny. Szczegóły u autoryzowanego dealera Peugeot.,https://www.peugeot.pl/modele/partner.html,158547 PLN,CASH,,,158547 PLN,,Total,,,,,,,Diesel
PEU-7454-967B-88B7-B73,Peugeot Partner Furgon M PRO SKILL · od 158547 PLN,Nowy Peugeot Partner Furgon M PRO SKILL · Diesel 130KM · Sprawdź ofertę!,modelowy,Peugeot,Peugeot Partner,2025,https://www.peugeot.pl/modele/partner.html,https://visual3d-secure.peugeot.com/V3DImage.ashx?client=CFGAP3D&mkt=PL&env=PROD&version=2PK91ANP6KB0UBB2&ratio=1&format=jpg&quality=90&width=1280&view=001&color=0MP00NPR&back=0,Biały Icy White,,Furgon M PRO SKILL,Oferta ma charakter informacyjny. Szczegóły u autoryzowanego dealera Peugeot.,https://www.peugeot.pl/modele/partner.html,158547 PLN,CASH,,,158547 PLN,,Total,,,,,,,Diesel
PEU-7454-9137-FF12-B73,Peugeot Partner Furgon M podwyższona ładowność PRO SKILL · od 202618 PLN,Nowy Peugeot Partner Furgon M podwyższona ładowność PRO SKILL · Diesel 130KM · Sprawdź ofertę!,modelowy,Peugeot,Peugeot Partner,2025,https://www.peugeot.pl/modele/partner.html,https://visual3d-secure.peugeot.com/V3DImage.ashx?client=CFGAP3D&mkt=PL&env=PROD&version=2PK91ANP41B0UEB2&ratio=1&format=jpg&quality=90&width=1280&view=001&color=0MM00NM6&back=0,B0MM0B B0NM6B,,Furgon M podwyższona ładowność PRO SKILL,Oferta ma charakter informacyjny. Szczegóły u autoryzowanego dealera Peugeot.,https://www.peugeot.pl/modele/partner.html,202618 PLN,CASH,,,202618 PLN,,Total,,,,,,,Diesel
PEU-7454-9137-BF79-B73,Peugeot Partner Furgon M podwyższona ładowność PRO SKILL · od 202618 PLN,Nowy Peugeot Partner Furgon M podwyższona ładowność PRO SKILL · Diesel 130KM · Sprawdź ofertę!,modelowy,Peugeot,Peugeot Partner,2025,https://www.peugeot.pl/modele/partner.html,https://visual3d-secure.peugeot.com/V3DImage.ashx?client=CFGAP3D&mkt=PL&env=PROD&version=2PK91ANP41B0UEB2&ratio=1&format=jpg&quality=90&width=1280&view=001&color=0MM00NF4&back=0,B0MM0B B0NF4B,,Furgon M podwyższona ładowność PRO SKILL,Oferta ma charakter informacyjny. Szczegóły u autoryzowanego dealera Peugeot.,https://www.peugeot.pl/modele/partner.html,202618 PLN,CASH,,,202618 PLN,,Total,,,,,,,Diesel
PEU-7454-9137-C0B4-B73,Peugeot Partner Furgon M podwyższona ładowność PRO SKILL · od 202618 PLN,Nowy Peugeot Partner Furgon M podwyższona ładowność PRO SKILL · Diesel 130KM · Sprawdź ofertę!,modelowy,Peugeot,Peugeot Partner,2025,https://www.peugeot.pl/modele/partner.html,https://visual3d-secure.peugeot.com/V3DImage.ashx?client=CFGAP3D&mkt=PL&env=PROD&version=2PK91ANP41B0UEB2&ratio=1&format=jpg&quality=90&width=1280&view=001&color=0MP00NPR&back=0,B0MP0B B0NPRB,,Furgon M podwyższona ładowność PRO SKILL,Oferta ma charakter informacyjny. Szczegóły u autoryzowanego dealera Peugeot.,https://www.peugeot.pl/modele/partner.html,202618 PLN,CASH,,,202618 PLN,,Total,,,,,,,Diesel
